comparison	fixture	source_bytes	pair	compiler	elapsed_us	verdict
base-c1	fixed-16	824	0	baseline	16248	accept
base-c1	fixed-16	824	0	candidate	14464	accept
base-c1	fixed-16	824	1	candidate	13655	accept
base-c1	fixed-16	824	1	baseline	13474	accept
base-c1	fixed-16	824	2	baseline	13546	accept
base-c1	fixed-16	824	2	candidate	13384	accept
base-c1	fixed-16	824	3	candidate	12782	accept
base-c1	fixed-16	824	3	baseline	13336	accept
base-c1	fixed-16	824	4	baseline	13380	accept
base-c1	fixed-16	824	4	candidate	13446	accept
base-c1	growing-16	1452	0	baseline	17303	accept
base-c1	growing-16	1452	0	candidate	18056	accept
base-c1	growing-16	1452	1	candidate	17556	accept
base-c1	growing-16	1452	1	baseline	16749	accept
base-c1	growing-16	1452	2	baseline	17369	accept
base-c1	growing-16	1452	2	candidate	20081	accept
base-c1	growing-16	1452	3	candidate	18995	accept
base-c1	growing-16	1452	3	baseline	18355	accept
base-c1	growing-16	1452	4	baseline	18085	accept
base-c1	growing-16	1452	4	candidate	18299	accept
base-c1	control-16	1038	0	baseline	15094	accept
base-c1	control-16	1038	0	candidate	15236	accept
base-c1	control-16	1038	1	candidate	14972	accept
base-c1	control-16	1038	1	baseline	14769	accept
base-c1	control-16	1038	2	baseline	14897	accept
base-c1	control-16	1038	2	candidate	14943	accept
base-c1	control-16	1038	3	candidate	14776	accept
base-c1	control-16	1038	3	baseline	14532	accept
base-c1	control-16	1038	4	baseline	14506	accept
base-c1	control-16	1038	4	candidate	14775	accept
base-c1	fixed-64	2209	0	baseline	15423	accept
base-c1	fixed-64	2209	0	candidate	15712	accept
base-c1	fixed-64	2209	1	candidate	15353	accept
base-c1	fixed-64	2209	1	baseline	16166	accept
base-c1	fixed-64	2209	2	baseline	16368	accept
base-c1	fixed-64	2209	2	candidate	15479	accept
base-c1	fixed-64	2209	3	candidate	15181	accept
base-c1	fixed-64	2209	3	baseline	18971	accept
base-c1	fixed-64	2209	4	baseline	15172	accept
base-c1	fixed-64	2209	4	candidate	15274	accept
base-c1	growing-64	5532	0	baseline	117827	accept
base-c1	growing-64	5532	0	candidate	188339	accept
base-c1	growing-64	5532	1	candidate	185794	accept
base-c1	growing-64	5532	1	baseline	120409	accept
base-c1	growing-64	5532	2	baseline	119475	accept
base-c1	growing-64	5532	2	candidate	184871	accept
base-c1	growing-64	5532	3	candidate	182698	accept
base-c1	growing-64	5532	3	baseline	120831	accept
base-c1	growing-64	5532	4	baseline	117974	accept
base-c1	growing-64	5532	4	candidate	194074	accept
base-c1	control-64	3486	0	baseline	41684	accept
base-c1	control-64	3486	0	candidate	45563	accept
base-c1	control-64	3486	1	candidate	47213	accept
base-c1	control-64	3486	1	baseline	43309	accept
base-c1	control-64	3486	2	baseline	46431	accept
base-c1	control-64	3486	2	candidate	49109	accept
base-c1	control-64	3486	3	candidate	47059	accept
base-c1	control-64	3486	3	baseline	45944	accept
base-c1	control-64	3486	4	baseline	44382	accept
base-c1	control-64	3486	4	candidate	46200	accept
base-c1	fixed-256	7779	0	baseline	25564	accept
base-c1	fixed-256	7779	0	candidate	24958	accept
base-c1	fixed-256	7779	1	candidate	24646	accept
base-c1	fixed-256	7779	1	baseline	25406	accept
base-c1	fixed-256	7779	2	baseline	27617	accept
base-c1	fixed-256	7779	2	candidate	26735	accept
base-c1	fixed-256	7779	3	candidate	26879	accept
base-c1	fixed-256	7779	3	baseline	27345	accept
base-c1	fixed-256	7779	4	baseline	26012	accept
base-c1	fixed-256	7779	4	candidate	25612	accept
base-c1	growing-256	23100	0	baseline	5424213	accept
base-c1	growing-256	23100	0	candidate	9719492	accept
base-c1	growing-256	23100	1	candidate	9773847	accept
base-c1	growing-256	23100	1	baseline	5417382	accept
base-c1	growing-256	23100	2	baseline	5499781	accept
base-c1	growing-256	23100	2	candidate	9700889	accept
base-c1	growing-256	23100	3	candidate	9684422	accept
base-c1	growing-256	23100	3	baseline	5468404	accept
base-c1	growing-256	23100	4	baseline	5442778	accept
base-c1	growing-256	23100	4	candidate	9722504	accept
base-c1	control-256	13902	0	baseline	587562	accept
base-c1	control-256	13902	0	candidate	646504	accept
base-c1	control-256	13902	1	candidate	660382	accept
base-c1	control-256	13902	1	baseline	619483	accept
base-c1	control-256	13902	2	baseline	581002	accept
base-c1	control-256	13902	2	candidate	704515	accept
base-c1	control-256	13902	3	candidate	684853	accept
base-c1	control-256	13902	3	baseline	647664	accept
base-c1	control-256	13902	4	baseline	589926	accept
base-c1	control-256	13902	4	candidate	670135	accept
base-c1	fixed-4096	124045	0	baseline	285381	accept
base-c1	fixed-4096	124045	0	candidate	285066	accept
base-c1	fixed-4096	124045	1	candidate	288940	accept
base-c1	fixed-4096	124045	1	baseline	287048	accept
base-c1	fixed-4096	124045	2	baseline	289253	accept
base-c1	fixed-4096	124045	2	candidate	284057	accept
base-c1	fixed-4096	124045	3	candidate	288947	accept
base-c1	fixed-4096	124045	3	baseline	285144	accept
base-c1	fixed-4096	124045	4	baseline	286665	accept
base-c1	fixed-4096	124045	4	candidate	283908	accept
base-c1	real-fixed_run_library	13014	0	baseline	80029002	accept
base-c1	real-fixed_run_library	13014	0	candidate	40413228	accept
base-c1	real-fixed_run_library	13014	1	candidate	40914965	accept
base-c1	real-fixed_run_library	13014	1	baseline	80283094	accept
base-c1	real-fixed_run_library	13014	2	baseline	80052133	accept
base-c1	real-fixed_run_library	13014	2	candidate	39854810	accept
base-c1	real-fixed_run_library	13014	3	candidate	39913932	accept
base-c1	real-fixed_run_library	13014	3	baseline	80230220	accept
base-c1	real-fixed_run_library	13014	4	baseline	79530170	accept
base-c1	real-fixed_run_library	13014	4	candidate	39897807	accept
base-c1	real-wfgrep	83524	0	baseline	39966783	accept
base-c1	real-wfgrep	83524	0	candidate	40401537	accept
base-c1	real-wfgrep	83524	1	candidate	40410131	accept
base-c1	real-wfgrep	83524	1	baseline	40606920	accept
base-c1	real-wfgrep	83524	2	baseline	40119905	accept
base-c1	real-wfgrep	83524	2	candidate	40240207	accept
base-c1	real-wfgrep	83524	3	candidate	40965440	accept
base-c1	real-wfgrep	83524	3	baseline	40527515	accept
base-c1	real-wfgrep	83524	4	baseline	40222781	accept
base-c1	real-wfgrep	83524	4	candidate	40273341	accept
base-c1	real-prefix	2909	0	baseline	188046	accept
base-c1	real-prefix	2909	0	candidate	174364	accept
base-c1	real-prefix	2909	1	candidate	174826	accept
base-c1	real-prefix	2909	1	baseline	173552	accept
base-c1	real-prefix	2909	2	baseline	174220	accept
base-c1	real-prefix	2909	2	candidate	175758	accept
base-c1	real-prefix	2909	3	candidate	177708	accept
base-c1	real-prefix	2909	3	baseline	175522	accept
base-c1	real-prefix	2909	4	baseline	175618	accept
base-c1	real-prefix	2909	4	candidate	172683	accept
base-c1	real-histogram	3676	0	baseline	177287	accept
base-c1	real-histogram	3676	0	candidate	178405	accept
base-c1	real-histogram	3676	1	candidate	179254	accept
base-c1	real-histogram	3676	1	baseline	177629	accept
base-c1	real-histogram	3676	2	baseline	180113	accept
base-c1	real-histogram	3676	2	candidate	180484	accept
base-c1	real-histogram	3676	3	candidate	183686	accept
base-c1	real-histogram	3676	3	baseline	181058	accept
base-c1	real-histogram	3676	4	baseline	181306	accept
base-c1	real-histogram	3676	4	candidate	182542	accept
base-c1	real-radix_scatter	8989	0	baseline	1041215	accept
base-c1	real-radix_scatter	8989	0	candidate	995455	accept
base-c1	real-radix_scatter	8989	1	candidate	989641	accept
base-c1	real-radix_scatter	8989	1	baseline	987986	accept
base-c1	real-radix_scatter	8989	2	baseline	989809	accept
base-c1	real-radix_scatter	8989	2	candidate	992290	accept
base-c1	real-radix_scatter	8989	3	candidate	989130	accept
base-c1	real-radix_scatter	8989	3	baseline	988302	accept
base-c1	real-radix_scatter	8989	4	baseline	987741	accept
base-c1	real-radix_scatter	8989	4	candidate	991599	accept
c1-c2	fixed-16	824	0	baseline	21394	accept
c1-c2	fixed-16	824	0	candidate	17353	accept
c1-c2	fixed-16	824	1	candidate	14267	accept
c1-c2	fixed-16	824	1	baseline	13637	accept
c1-c2	fixed-16	824	2	baseline	13004	accept
c1-c2	fixed-16	824	2	candidate	13753	accept
c1-c2	fixed-16	824	3	candidate	12800	accept
c1-c2	fixed-16	824	3	baseline	13284	accept
c1-c2	fixed-16	824	4	baseline	13814	accept
c1-c2	fixed-16	824	4	candidate	13997	accept
c1-c2	growing-16	1452	0	baseline	18874	accept
c1-c2	growing-16	1452	0	candidate	18741	accept
c1-c2	growing-16	1452	1	candidate	18352	accept
c1-c2	growing-16	1452	1	baseline	18194	accept
c1-c2	growing-16	1452	2	baseline	17999	accept
c1-c2	growing-16	1452	2	candidate	17755	accept
c1-c2	growing-16	1452	3	candidate	17276	accept
c1-c2	growing-16	1452	3	baseline	17600	accept
c1-c2	growing-16	1452	4	baseline	17467	accept
c1-c2	growing-16	1452	4	candidate	17445	accept
c1-c2	control-16	1038	0	baseline	14638	accept
c1-c2	control-16	1038	0	candidate	14764	accept
c1-c2	control-16	1038	1	candidate	14964	accept
c1-c2	control-16	1038	1	baseline	15274	accept
c1-c2	control-16	1038	2	baseline	16003	accept
c1-c2	control-16	1038	2	candidate	15451	accept
c1-c2	control-16	1038	3	candidate	14881	accept
c1-c2	control-16	1038	3	baseline	14801	accept
c1-c2	control-16	1038	4	baseline	14563	accept
c1-c2	control-16	1038	4	candidate	15011	accept
c1-c2	fixed-64	2209	0	baseline	15320	accept
c1-c2	fixed-64	2209	0	candidate	15276	accept
c1-c2	fixed-64	2209	1	candidate	16246	accept
c1-c2	fixed-64	2209	1	baseline	15979	accept
c1-c2	fixed-64	2209	2	baseline	15362	accept
c1-c2	fixed-64	2209	2	candidate	15225	accept
c1-c2	fixed-64	2209	3	candidate	14812	accept
c1-c2	fixed-64	2209	3	baseline	15366	accept
c1-c2	fixed-64	2209	4	baseline	15775	accept
c1-c2	fixed-64	2209	4	candidate	15738	accept
c1-c2	growing-64	5532	0	baseline	182912	accept
c1-c2	growing-64	5532	0	candidate	184313	accept
c1-c2	growing-64	5532	1	candidate	185695	accept
c1-c2	growing-64	5532	1	baseline	180564	accept
c1-c2	growing-64	5532	2	baseline	182424	accept
c1-c2	growing-64	5532	2	candidate	181388	accept
c1-c2	growing-64	5532	3	candidate	181575	accept
c1-c2	growing-64	5532	3	baseline	186861	accept
c1-c2	growing-64	5532	4	baseline	183259	accept
c1-c2	growing-64	5532	4	candidate	181888	accept
c1-c2	control-64	3486	0	baseline	45764	accept
c1-c2	control-64	3486	0	candidate	45717	accept
c1-c2	control-64	3486	1	candidate	47193	accept
c1-c2	control-64	3486	1	baseline	45472	accept
c1-c2	control-64	3486	2	baseline	45300	accept
c1-c2	control-64	3486	2	candidate	45520	accept
c1-c2	control-64	3486	3	candidate	45275	accept
c1-c2	control-64	3486	3	baseline	45307	accept
c1-c2	control-64	3486	4	baseline	44905	accept
c1-c2	control-64	3486	4	candidate	45452	accept
c1-c2	fixed-256	7779	0	baseline	25471	accept
c1-c2	fixed-256	7779	0	candidate	24954	accept
c1-c2	fixed-256	7779	1	candidate	24532	accept
c1-c2	fixed-256	7779	1	baseline	24941	accept
c1-c2	fixed-256	7779	2	baseline	25271	accept
c1-c2	fixed-256	7779	2	candidate	26066	accept
c1-c2	fixed-256	7779	3	candidate	25570	accept
c1-c2	fixed-256	7779	3	baseline	24842	accept
c1-c2	fixed-256	7779	4	baseline	24391	accept
c1-c2	fixed-256	7779	4	candidate	24632	accept
c1-c2	growing-256	23100	0	baseline	9596895	accept
c1-c2	growing-256	23100	0	candidate	9606205	accept
c1-c2	growing-256	23100	1	candidate	9576188	accept
c1-c2	growing-256	23100	1	baseline	9575517	accept
c1-c2	growing-256	23100	2	baseline	9591773	accept
c1-c2	growing-256	23100	2	candidate	9630692	accept
c1-c2	growing-256	23100	3	candidate	9587293	accept
c1-c2	growing-256	23100	3	baseline	9635563	accept
c1-c2	growing-256	23100	4	baseline	9580181	accept
c1-c2	growing-256	23100	4	candidate	9646451	accept
c1-c2	control-256	13902	0	baseline	669159	accept
c1-c2	control-256	13902	0	candidate	683527	accept
c1-c2	control-256	13902	1	candidate	686294	accept
c1-c2	control-256	13902	1	baseline	656074	accept
c1-c2	control-256	13902	2	baseline	660993	accept
c1-c2	control-256	13902	2	candidate	672930	accept
c1-c2	control-256	13902	3	candidate	678382	accept
c1-c2	control-256	13902	3	baseline	647671	accept
c1-c2	control-256	13902	4	baseline	686410	accept
c1-c2	control-256	13902	4	candidate	673090	accept
c1-c2	fixed-4096	124045	0	baseline	285670	accept
c1-c2	fixed-4096	124045	0	candidate	286214	accept
c1-c2	fixed-4096	124045	1	candidate	288919	accept
c1-c2	fixed-4096	124045	1	baseline	285600	accept
c1-c2	fixed-4096	124045	2	baseline	286337	accept
c1-c2	fixed-4096	124045	2	candidate	287012	accept
c1-c2	fixed-4096	124045	3	candidate	288073	accept
c1-c2	fixed-4096	124045	3	baseline	293663	accept
c1-c2	fixed-4096	124045	4	baseline	286192	accept
c1-c2	fixed-4096	124045	4	candidate	288115	accept
c1-c2	real-fixed_run_library	13014	0	baseline	39281027	accept
c1-c2	real-fixed_run_library	13014	0	candidate	34248231	accept
c1-c2	real-fixed_run_library	13014	1	candidate	34339164	accept
c1-c2	real-fixed_run_library	13014	1	baseline	39778580	accept
c1-c2	real-fixed_run_library	13014	2	baseline	39843816	accept
c1-c2	real-fixed_run_library	13014	2	candidate	34405591	accept
c1-c2	real-fixed_run_library	13014	3	candidate	34382974	accept
c1-c2	real-fixed_run_library	13014	3	baseline	39811409	accept
c1-c2	real-fixed_run_library	13014	4	baseline	39767479	accept
c1-c2	real-fixed_run_library	13014	4	candidate	34480679	accept
c1-c2	real-wfgrep	83524	0	baseline	40035591	accept
c1-c2	real-wfgrep	83524	0	candidate	35967876	accept
c1-c2	real-wfgrep	83524	1	candidate	35788282	accept
c1-c2	real-wfgrep	83524	1	baseline	40035914	accept
c1-c2	real-wfgrep	83524	2	baseline	40079901	accept
c1-c2	real-wfgrep	83524	2	candidate	35644945	accept
c1-c2	real-wfgrep	83524	3	candidate	35924714	accept
c1-c2	real-wfgrep	83524	3	baseline	40111406	accept
c1-c2	real-wfgrep	83524	4	baseline	39922563	accept
c1-c2	real-wfgrep	83524	4	candidate	35798648	accept
c1-c2	real-prefix	2909	0	baseline	182651	accept
c1-c2	real-prefix	2909	0	candidate	157279	accept
c1-c2	real-prefix	2909	1	candidate	160744	accept
c1-c2	real-prefix	2909	1	baseline	175162	accept
c1-c2	real-prefix	2909	2	baseline	177196	accept
c1-c2	real-prefix	2909	2	candidate	157615	accept
c1-c2	real-prefix	2909	3	candidate	157301	accept
c1-c2	real-prefix	2909	3	baseline	173163	accept
c1-c2	real-prefix	2909	4	baseline	176933	accept
c1-c2	real-prefix	2909	4	candidate	159723	accept
c1-c2	real-histogram	3676	0	baseline	179223	accept
c1-c2	real-histogram	3676	0	candidate	161818	accept
c1-c2	real-histogram	3676	1	candidate	162160	accept
c1-c2	real-histogram	3676	1	baseline	175804	accept
c1-c2	real-histogram	3676	2	baseline	182170	accept
c1-c2	real-histogram	3676	2	candidate	161962	accept
c1-c2	real-histogram	3676	3	candidate	165975	accept
c1-c2	real-histogram	3676	3	baseline	178315	accept
c1-c2	real-histogram	3676	4	baseline	176299	accept
c1-c2	real-histogram	3676	4	candidate	163222	accept
c1-c2	real-radix_scatter	8989	0	baseline	985208	accept
c1-c2	real-radix_scatter	8989	0	candidate	876145	accept
c1-c2	real-radix_scatter	8989	1	candidate	878906	accept
c1-c2	real-radix_scatter	8989	1	baseline	984061	accept
c1-c2	real-radix_scatter	8989	2	baseline	992158	accept
c1-c2	real-radix_scatter	8989	2	candidate	884245	accept
c1-c2	real-radix_scatter	8989	3	candidate	873510	accept
c1-c2	real-radix_scatter	8989	3	baseline	988630	accept
c1-c2	real-radix_scatter	8989	4	baseline	989731	accept
c1-c2	real-radix_scatter	8989	4	candidate	878553	accept
c2-c3	fixed-16	824	0	baseline	19769	accept
c2-c3	fixed-16	824	0	candidate	17098	accept
c2-c3	fixed-16	824	1	candidate	14116	accept
c2-c3	fixed-16	824	1	baseline	12718	accept
c2-c3	fixed-16	824	2	baseline	12449	accept
c2-c3	fixed-16	824	2	candidate	12645	accept
c2-c3	fixed-16	824	3	candidate	12625	accept
c2-c3	fixed-16	824	3	baseline	12530	accept
c2-c3	fixed-16	824	4	baseline	12364	accept
c2-c3	fixed-16	824	4	candidate	12737	accept
c2-c3	growing-16	1452	0	baseline	17689	accept
c2-c3	growing-16	1452	0	candidate	17629	accept
c2-c3	growing-16	1452	1	candidate	17332	accept
c2-c3	growing-16	1452	1	baseline	18459	accept
c2-c3	growing-16	1452	2	baseline	26426	accept
c2-c3	growing-16	1452	2	candidate	17158	accept
c2-c3	growing-16	1452	3	candidate	17380	accept
c2-c3	growing-16	1452	3	baseline	18747	accept
c2-c3	growing-16	1452	4	baseline	18717	accept
c2-c3	growing-16	1452	4	candidate	16757	accept
c2-c3	control-16	1038	0	baseline	15299	accept
c2-c3	control-16	1038	0	candidate	14844	accept
c2-c3	control-16	1038	1	candidate	14313	accept
c2-c3	control-16	1038	1	baseline	15074	accept
c2-c3	control-16	1038	2	baseline	14604	accept
c2-c3	control-16	1038	2	candidate	14276	accept
c2-c3	control-16	1038	3	candidate	14095	accept
c2-c3	control-16	1038	3	baseline	15548	accept
c2-c3	control-16	1038	4	baseline	14594	accept
c2-c3	control-16	1038	4	candidate	14477	accept
c2-c3	fixed-64	2209	0	baseline	15208	accept
c2-c3	fixed-64	2209	0	candidate	15168	accept
c2-c3	fixed-64	2209	1	candidate	14836	accept
c2-c3	fixed-64	2209	1	baseline	15200	accept
c2-c3	fixed-64	2209	2	baseline	15358	accept
c2-c3	fixed-64	2209	2	candidate	15427	accept
c2-c3	fixed-64	2209	3	candidate	15111	accept
c2-c3	fixed-64	2209	3	baseline	15079	accept
c2-c3	fixed-64	2209	4	baseline	14947	accept
c2-c3	fixed-64	2209	4	candidate	15736	accept
c2-c3	growing-64	5532	0	baseline	181806	accept
c2-c3	growing-64	5532	0	candidate	110865	accept
c2-c3	growing-64	5532	1	candidate	112547	accept
c2-c3	growing-64	5532	1	baseline	184467	accept
c2-c3	growing-64	5532	2	baseline	181819	accept
c2-c3	growing-64	5532	2	candidate	111873	accept
c2-c3	growing-64	5532	3	candidate	112150	accept
c2-c3	growing-64	5532	3	baseline	180523	accept
c2-c3	growing-64	5532	4	baseline	180329	accept
c2-c3	growing-64	5532	4	candidate	112033	accept
c2-c3	control-64	3486	0	baseline	45391	accept
c2-c3	control-64	3486	0	candidate	38697	accept
c2-c3	control-64	3486	1	candidate	38931	accept
c2-c3	control-64	3486	1	baseline	46128	accept
c2-c3	control-64	3486	2	baseline	45263	accept
c2-c3	control-64	3486	2	candidate	36431	accept
c2-c3	control-64	3486	3	candidate	36083	accept
c2-c3	control-64	3486	3	baseline	45194	accept
c2-c3	control-64	3486	4	baseline	44908	accept
c2-c3	control-64	3486	4	candidate	36849	accept
c2-c3	fixed-256	7779	0	baseline	25318	accept
c2-c3	fixed-256	7779	0	candidate	26451	accept
c2-c3	fixed-256	7779	1	candidate	25287	accept
c2-c3	fixed-256	7779	1	baseline	24803	accept
c2-c3	fixed-256	7779	2	baseline	24492	accept
c2-c3	fixed-256	7779	2	candidate	25147	accept
c2-c3	fixed-256	7779	3	candidate	24970	accept
c2-c3	fixed-256	7779	3	baseline	25147	accept
c2-c3	fixed-256	7779	4	baseline	25326	accept
c2-c3	fixed-256	7779	4	candidate	25212	accept
c2-c3	growing-256	23100	0	baseline	9507027	accept
c2-c3	growing-256	23100	0	candidate	5343888	accept
c2-c3	growing-256	23100	1	candidate	5258811	accept
c2-c3	growing-256	23100	1	baseline	9614866	accept
c2-c3	growing-256	23100	2	baseline	9608966	accept
c2-c3	growing-256	23100	2	candidate	5286758	accept
c2-c3	growing-256	23100	3	candidate	5277422	accept
c2-c3	growing-256	23100	3	baseline	9591827	accept
c2-c3	growing-256	23100	4	baseline	9620338	accept
c2-c3	growing-256	23100	4	candidate	5276945	accept
c2-c3	control-256	13902	0	baseline	652562	accept
c2-c3	control-256	13902	0	candidate	514833	accept
c2-c3	control-256	13902	1	candidate	496177	accept
c2-c3	control-256	13902	1	baseline	666673	accept
c2-c3	control-256	13902	2	baseline	663888	accept
c2-c3	control-256	13902	2	candidate	511170	accept
c2-c3	control-256	13902	3	candidate	494040	accept
c2-c3	control-256	13902	3	baseline	632210	accept
c2-c3	control-256	13902	4	baseline	663021	accept
c2-c3	control-256	13902	4	candidate	496365	accept
c2-c3	fixed-4096	124045	0	baseline	284289	accept
c2-c3	fixed-4096	124045	0	candidate	287338	accept
c2-c3	fixed-4096	124045	1	candidate	294839	accept
c2-c3	fixed-4096	124045	1	baseline	285935	accept
c2-c3	fixed-4096	124045	2	baseline	284144	accept
c2-c3	fixed-4096	124045	2	candidate	287286	accept
c2-c3	fixed-4096	124045	3	candidate	287765	accept
c2-c3	fixed-4096	124045	3	baseline	285904	accept
c2-c3	fixed-4096	124045	4	baseline	295743	accept
c2-c3	fixed-4096	124045	4	candidate	286742	accept
c2-c3	real-fixed_run_library	13014	0	baseline	34200196	accept
c2-c3	real-fixed_run_library	13014	0	candidate	30355381	accept
c2-c3	real-fixed_run_library	13014	1	candidate	30289791	accept
c2-c3	real-fixed_run_library	13014	1	baseline	34257905	accept
c2-c3	real-fixed_run_library	13014	2	baseline	34353809	accept
c2-c3	real-fixed_run_library	13014	2	candidate	30261067	accept
c2-c3	real-fixed_run_library	13014	3	candidate	30249896	accept
c2-c3	real-fixed_run_library	13014	3	baseline	34271466	accept
c2-c3	real-fixed_run_library	13014	4	baseline	34447289	accept
c2-c3	real-fixed_run_library	13014	4	candidate	30325837	accept
c2-c3	real-wfgrep	83524	0	baseline	35626108	accept
c2-c3	real-wfgrep	83524	0	candidate	29315604	accept
c2-c3	real-wfgrep	83524	1	candidate	29203245	accept
c2-c3	real-wfgrep	83524	1	baseline	35723262	accept
c2-c3	real-wfgrep	83524	2	baseline	35558801	accept
c2-c3	real-wfgrep	83524	2	candidate	29006106	accept
c2-c3	real-wfgrep	83524	3	candidate	29230599	accept
c2-c3	real-wfgrep	83524	3	baseline	35456502	accept
c2-c3	real-wfgrep	83524	4	baseline	35506183	accept
c2-c3	real-wfgrep	83524	4	candidate	29219897	accept
c2-c3	real-prefix	2909	0	baseline	160241	accept
c2-c3	real-prefix	2909	0	candidate	132480	accept
c2-c3	real-prefix	2909	1	candidate	131327	accept
c2-c3	real-prefix	2909	1	baseline	157072	accept
c2-c3	real-prefix	2909	2	baseline	158618	accept
c2-c3	real-prefix	2909	2	candidate	136015	accept
c2-c3	real-prefix	2909	3	candidate	132263	accept
c2-c3	real-prefix	2909	3	baseline	158640	accept
c2-c3	real-prefix	2909	4	baseline	159137	accept
c2-c3	real-prefix	2909	4	candidate	132436	accept
c2-c3	real-histogram	3676	0	baseline	161926	accept
c2-c3	real-histogram	3676	0	candidate	136844	accept
c2-c3	real-histogram	3676	1	candidate	138688	accept
c2-c3	real-histogram	3676	1	baseline	162873	accept
c2-c3	real-histogram	3676	2	baseline	163852	accept
c2-c3	real-histogram	3676	2	candidate	135242	accept
c2-c3	real-histogram	3676	3	candidate	134683	accept
c2-c3	real-histogram	3676	3	baseline	160792	accept
c2-c3	real-histogram	3676	4	baseline	165405	accept
c2-c3	real-histogram	3676	4	candidate	136103	accept
c2-c3	real-radix_scatter	8989	0	baseline	876908	accept
c2-c3	real-radix_scatter	8989	0	candidate	743921	accept
c2-c3	real-radix_scatter	8989	1	candidate	750088	accept
c2-c3	real-radix_scatter	8989	1	baseline	893070	accept
c2-c3	real-radix_scatter	8989	2	baseline	872276	accept
c2-c3	real-radix_scatter	8989	2	candidate	754095	accept
c2-c3	real-radix_scatter	8989	3	candidate	751379	accept
c2-c3	real-radix_scatter	8989	3	baseline	881552	accept
c2-c3	real-radix_scatter	8989	4	baseline	867173	accept
c2-c3	real-radix_scatter	8989	4	candidate	748078	accept
c3-c4	fixed-16	824	0	baseline	20102	accept
c3-c4	fixed-16	824	0	candidate	16816	accept
c3-c4	fixed-16	824	1	candidate	13891	accept
c3-c4	fixed-16	824	1	baseline	12700	accept
c3-c4	fixed-16	824	2	baseline	12979	accept
c3-c4	fixed-16	824	2	candidate	12526	accept
c3-c4	fixed-16	824	3	candidate	12486	accept
c3-c4	fixed-16	824	3	baseline	12595	accept
c3-c4	fixed-16	824	4	baseline	12619	accept
c3-c4	fixed-16	824	4	candidate	12693	accept
c3-c4	growing-16	1452	0	baseline	16350	accept
c3-c4	growing-16	1452	0	candidate	17477	accept
c3-c4	growing-16	1452	1	candidate	16762	accept
c3-c4	growing-16	1452	1	baseline	17240	accept
c3-c4	growing-16	1452	2	baseline	16631	accept
c3-c4	growing-16	1452	2	candidate	17005	accept
c3-c4	growing-16	1452	3	candidate	16832	accept
c3-c4	growing-16	1452	3	baseline	16257	accept
c3-c4	growing-16	1452	4	baseline	16296	accept
c3-c4	growing-16	1452	4	candidate	16210	accept
c3-c4	control-16	1038	0	baseline	14217	accept
c3-c4	control-16	1038	0	candidate	14109	accept
c3-c4	control-16	1038	1	candidate	14378	accept
c3-c4	control-16	1038	1	baseline	14406	accept
c3-c4	control-16	1038	2	baseline	14114	accept
c3-c4	control-16	1038	2	candidate	14167	accept
c3-c4	control-16	1038	3	candidate	14419	accept
c3-c4	control-16	1038	3	baseline	14542	accept
c3-c4	control-16	1038	4	baseline	14276	accept
c3-c4	control-16	1038	4	candidate	14145	accept
c3-c4	fixed-64	2209	0	baseline	15044	accept
c3-c4	fixed-64	2209	0	candidate	15067	accept
c3-c4	fixed-64	2209	1	candidate	15210	accept
c3-c4	fixed-64	2209	1	baseline	15089	accept
c3-c4	fixed-64	2209	2	baseline	15003	accept
c3-c4	fixed-64	2209	2	candidate	15070	accept
c3-c4	fixed-64	2209	3	candidate	15458	accept
c3-c4	fixed-64	2209	3	baseline	15349	accept
c3-c4	fixed-64	2209	4	baseline	15721	accept
c3-c4	fixed-64	2209	4	candidate	16716	accept
c3-c4	growing-64	5532	0	baseline	110908	accept
c3-c4	growing-64	5532	0	candidate	111990	accept
c3-c4	growing-64	5532	1	candidate	113422	accept
c3-c4	growing-64	5532	1	baseline	110862	accept
c3-c4	growing-64	5532	2	baseline	111518	accept
c3-c4	growing-64	5532	2	candidate	114497	accept
c3-c4	growing-64	5532	3	candidate	111569	accept
c3-c4	growing-64	5532	3	baseline	112046	accept
c3-c4	growing-64	5532	4	baseline	113847	accept
c3-c4	growing-64	5532	4	candidate	111355	accept
c3-c4	control-64	3486	0	baseline	36599	accept
c3-c4	control-64	3486	0	candidate	35963	accept
c3-c4	control-64	3486	1	candidate	35788	accept
c3-c4	control-64	3486	1	baseline	36288	accept
c3-c4	control-64	3486	2	baseline	37515	accept
c3-c4	control-64	3486	2	candidate	36783	accept
c3-c4	control-64	3486	3	candidate	36271	accept
c3-c4	control-64	3486	3	baseline	42106	accept
c3-c4	control-64	3486	4	baseline	38350	accept
c3-c4	control-64	3486	4	candidate	37599	accept
c3-c4	fixed-256	7779	0	baseline	25308	accept
c3-c4	fixed-256	7779	0	candidate	24853	accept
c3-c4	fixed-256	7779	1	candidate	26269	accept
c3-c4	fixed-256	7779	1	baseline	26177	accept
c3-c4	fixed-256	7779	2	baseline	25375	accept
c3-c4	fixed-256	7779	2	candidate	24847	accept
c3-c4	fixed-256	7779	3	candidate	24356	accept
c3-c4	fixed-256	7779	3	baseline	24779	accept
c3-c4	fixed-256	7779	4	baseline	24484	accept
c3-c4	fixed-256	7779	4	candidate	24784	accept
c3-c4	growing-256	23100	0	baseline	5302100	accept
c3-c4	growing-256	23100	0	candidate	5273190	accept
c3-c4	growing-256	23100	1	candidate	5259452	accept
c3-c4	growing-256	23100	1	baseline	5253958	accept
c3-c4	growing-256	23100	2	baseline	5257436	accept
c3-c4	growing-256	23100	2	candidate	5242919	accept
c3-c4	growing-256	23100	3	candidate	5244765	accept
c3-c4	growing-256	23100	3	baseline	5287235	accept
c3-c4	growing-256	23100	4	baseline	5282256	accept
c3-c4	growing-256	23100	4	candidate	5234754	accept
c3-c4	control-256	13902	0	baseline	506903	accept
c3-c4	control-256	13902	0	candidate	488280	accept
c3-c4	control-256	13902	1	candidate	474272	accept
c3-c4	control-256	13902	1	baseline	523468	accept
c3-c4	control-256	13902	2	baseline	494731	accept
c3-c4	control-256	13902	2	candidate	480216	accept
c3-c4	control-256	13902	3	candidate	476013	accept
c3-c4	control-256	13902	3	baseline	507366	accept
c3-c4	control-256	13902	4	baseline	496901	accept
c3-c4	control-256	13902	4	candidate	487061	accept
c3-c4	fixed-4096	124045	0	baseline	283887	accept
c3-c4	fixed-4096	124045	0	candidate	293209	accept
c3-c4	fixed-4096	124045	1	candidate	284392	accept
c3-c4	fixed-4096	124045	1	baseline	286517	accept
c3-c4	fixed-4096	124045	2	baseline	284808	accept
c3-c4	fixed-4096	124045	2	candidate	283592	accept
c3-c4	fixed-4096	124045	3	candidate	286316	accept
c3-c4	fixed-4096	124045	3	baseline	282547	accept
c3-c4	fixed-4096	124045	4	baseline	284662	accept
c3-c4	fixed-4096	124045	4	candidate	287169	accept
c3-c4	real-fixed_run_library	13014	0	baseline	30246831	accept
c3-c4	real-fixed_run_library	13014	0	candidate	29383616	accept
c3-c4	real-fixed_run_library	13014	1	candidate	29364468	accept
c3-c4	real-fixed_run_library	13014	1	baseline	30549479	accept
c3-c4	real-fixed_run_library	13014	2	baseline	30458973	accept
c3-c4	real-fixed_run_library	13014	2	candidate	29485290	accept
c3-c4	real-fixed_run_library	13014	3	candidate	29381130	accept
c3-c4	real-fixed_run_library	13014	3	baseline	30396920	accept
c3-c4	real-fixed_run_library	13014	4	baseline	30420631	accept
c3-c4	real-fixed_run_library	13014	4	candidate	29201812	accept
c3-c4	real-wfgrep	83524	0	baseline	29251504	accept
c3-c4	real-wfgrep	83524	0	candidate	28081485	accept
c3-c4	real-wfgrep	83524	1	candidate	28133249	accept
c3-c4	real-wfgrep	83524	1	baseline	29130123	accept
c3-c4	real-wfgrep	83524	2	baseline	29023849	accept
c3-c4	real-wfgrep	83524	2	candidate	28314279	accept
c3-c4	real-wfgrep	83524	3	candidate	28083549	accept
c3-c4	real-wfgrep	83524	3	baseline	29032579	accept
c3-c4	real-wfgrep	83524	4	baseline	29127127	accept
c3-c4	real-wfgrep	83524	4	candidate	28120412	accept
c3-c4	real-prefix	2909	0	baseline	141819	accept
c3-c4	real-prefix	2909	0	candidate	135773	accept
c3-c4	real-prefix	2909	1	candidate	131645	accept
c3-c4	real-prefix	2909	1	baseline	132483	accept
c3-c4	real-prefix	2909	2	baseline	130907	accept
c3-c4	real-prefix	2909	2	candidate	134930	accept
c3-c4	real-prefix	2909	3	candidate	130852	accept
c3-c4	real-prefix	2909	3	baseline	131798	accept
c3-c4	real-prefix	2909	4	baseline	138689	accept
c3-c4	real-prefix	2909	4	candidate	135171	accept
c3-c4	real-histogram	3676	0	baseline	134462	accept
c3-c4	real-histogram	3676	0	candidate	136067	accept
c3-c4	real-histogram	3676	1	candidate	134460	accept
c3-c4	real-histogram	3676	1	baseline	134608	accept
c3-c4	real-histogram	3676	2	baseline	134388	accept
c3-c4	real-histogram	3676	2	candidate	135622	accept
c3-c4	real-histogram	3676	3	candidate	140021	accept
c3-c4	real-histogram	3676	3	baseline	135047	accept
c3-c4	real-histogram	3676	4	baseline	134205	accept
c3-c4	real-histogram	3676	4	candidate	136225	accept
c3-c4	real-radix_scatter	8989	0	baseline	753846	accept
c3-c4	real-radix_scatter	8989	0	candidate	740929	accept
c3-c4	real-radix_scatter	8989	1	candidate	744289	accept
c3-c4	real-radix_scatter	8989	1	baseline	749362	accept
c3-c4	real-radix_scatter	8989	2	baseline	748951	accept
c3-c4	real-radix_scatter	8989	2	candidate	739373	accept
c3-c4	real-radix_scatter	8989	3	candidate	742052	accept
c3-c4	real-radix_scatter	8989	3	baseline	749211	accept
c3-c4	real-radix_scatter	8989	4	baseline	750940	accept
c3-c4	real-radix_scatter	8989	4	candidate	742619	accept
c4-c5	fixed-16	824	0	baseline	20727	accept
c4-c5	fixed-16	824	0	candidate	17298	accept
c4-c5	fixed-16	824	1	candidate	14111	accept
c4-c5	fixed-16	824	1	baseline	12886	accept
c4-c5	fixed-16	824	2	baseline	13348	accept
c4-c5	fixed-16	824	2	candidate	12976	accept
c4-c5	fixed-16	824	3	candidate	12697	accept
c4-c5	fixed-16	824	3	baseline	12799	accept
c4-c5	fixed-16	824	4	baseline	12997	accept
c4-c5	fixed-16	824	4	candidate	13134	accept
c4-c5	growing-16	1452	0	baseline	16318	accept
c4-c5	growing-16	1452	0	candidate	16197	accept
c4-c5	growing-16	1452	1	candidate	16046	accept
c4-c5	growing-16	1452	1	baseline	16167	accept
c4-c5	growing-16	1452	2	baseline	16203	accept
c4-c5	growing-16	1452	2	candidate	16195	accept
c4-c5	growing-16	1452	3	candidate	16261	accept
c4-c5	growing-16	1452	3	baseline	16415	accept
c4-c5	growing-16	1452	4	baseline	15977	accept
c4-c5	growing-16	1452	4	candidate	16235	accept
c4-c5	control-16	1038	0	baseline	14244	accept
c4-c5	control-16	1038	0	candidate	14177	accept
c4-c5	control-16	1038	1	candidate	14215	accept
c4-c5	control-16	1038	1	baseline	14381	accept
c4-c5	control-16	1038	2	baseline	14013	accept
c4-c5	control-16	1038	2	candidate	14257	accept
c4-c5	control-16	1038	3	candidate	14087	accept
c4-c5	control-16	1038	3	baseline	14059	accept
c4-c5	control-16	1038	4	baseline	13998	accept
c4-c5	control-16	1038	4	candidate	14155	accept
c4-c5	fixed-64	2209	0	baseline	14954	accept
c4-c5	fixed-64	2209	0	candidate	14823	accept
c4-c5	fixed-64	2209	1	candidate	15269	accept
c4-c5	fixed-64	2209	1	baseline	15006	accept
c4-c5	fixed-64	2209	2	baseline	14809	accept
c4-c5	fixed-64	2209	2	candidate	15458	accept
c4-c5	fixed-64	2209	3	candidate	15771	accept
c4-c5	fixed-64	2209	3	baseline	16123	accept
c4-c5	fixed-64	2209	4	baseline	16101	accept
c4-c5	fixed-64	2209	4	candidate	15524	accept
c4-c5	growing-64	5532	0	baseline	112460	accept
c4-c5	growing-64	5532	0	candidate	112951	accept
c4-c5	growing-64	5532	1	candidate	111736	accept
c4-c5	growing-64	5532	1	baseline	112440	accept
c4-c5	growing-64	5532	2	baseline	117632	accept
c4-c5	growing-64	5532	2	candidate	113175	accept
c4-c5	growing-64	5532	3	candidate	112128	accept
c4-c5	growing-64	5532	3	baseline	112080	accept
c4-c5	growing-64	5532	4	baseline	114523	accept
c4-c5	growing-64	5532	4	candidate	112362	accept
c4-c5	control-64	3486	0	baseline	36650	accept
c4-c5	control-64	3486	0	candidate	36547	accept
c4-c5	control-64	3486	1	candidate	35967	accept
c4-c5	control-64	3486	1	baseline	36055	accept
c4-c5	control-64	3486	2	baseline	35992	accept
c4-c5	control-64	3486	2	candidate	37782	accept
c4-c5	control-64	3486	3	candidate	37367	accept
c4-c5	control-64	3486	3	baseline	36128	accept
c4-c5	control-64	3486	4	baseline	37741	accept
c4-c5	control-64	3486	4	candidate	36466	accept
c4-c5	fixed-256	7779	0	baseline	24948	accept
c4-c5	fixed-256	7779	0	candidate	24743	accept
c4-c5	fixed-256	7779	1	candidate	24545	accept
c4-c5	fixed-256	7779	1	baseline	24574	accept
c4-c5	fixed-256	7779	2	baseline	24455	accept
c4-c5	fixed-256	7779	2	candidate	24898	accept
c4-c5	fixed-256	7779	3	candidate	24499	accept
c4-c5	fixed-256	7779	3	baseline	24422	accept
c4-c5	fixed-256	7779	4	baseline	24296	accept
c4-c5	fixed-256	7779	4	candidate	24451	accept
c4-c5	growing-256	23100	0	baseline	5283513	accept
c4-c5	growing-256	23100	0	candidate	5233699	accept
c4-c5	growing-256	23100	1	candidate	5267663	accept
c4-c5	growing-256	23100	1	baseline	5239094	accept
c4-c5	growing-256	23100	2	baseline	5215532	accept
c4-c5	growing-256	23100	2	candidate	5282641	accept
c4-c5	growing-256	23100	3	candidate	5249046	accept
c4-c5	growing-256	23100	3	baseline	5274222	accept
c4-c5	growing-256	23100	4	baseline	5254705	accept
c4-c5	growing-256	23100	4	candidate	5250053	accept
c4-c5	control-256	13902	0	baseline	484386	accept
c4-c5	control-256	13902	0	candidate	492149	accept
c4-c5	control-256	13902	1	candidate	503589	accept
c4-c5	control-256	13902	1	baseline	473931	accept
c4-c5	control-256	13902	2	baseline	488645	accept
c4-c5	control-256	13902	2	candidate	479429	accept
c4-c5	control-256	13902	3	candidate	490225	accept
c4-c5	control-256	13902	3	baseline	471992	accept
c4-c5	control-256	13902	4	baseline	480509	accept
c4-c5	control-256	13902	4	candidate	483770	accept
c4-c5	fixed-4096	124045	0	baseline	282246	accept
c4-c5	fixed-4096	124045	0	candidate	286918	accept
c4-c5	fixed-4096	124045	1	candidate	282649	accept
c4-c5	fixed-4096	124045	1	baseline	282440	accept
c4-c5	fixed-4096	124045	2	baseline	287706	accept
c4-c5	fixed-4096	124045	2	candidate	285351	accept
c4-c5	fixed-4096	124045	3	candidate	285155	accept
c4-c5	fixed-4096	124045	3	baseline	283668	accept
c4-c5	fixed-4096	124045	4	baseline	286123	accept
c4-c5	fixed-4096	124045	4	candidate	284615	accept
c4-c5	real-fixed_run_library	13014	0	baseline	29247384	accept
c4-c5	real-fixed_run_library	13014	0	candidate	23532211	accept
c4-c5	real-fixed_run_library	13014	1	candidate	23506767	accept
c4-c5	real-fixed_run_library	13014	1	baseline	29257758	accept
c4-c5	real-fixed_run_library	13014	2	baseline	29313009	accept
c4-c5	real-fixed_run_library	13014	2	candidate	23496801	accept
c4-c5	real-fixed_run_library	13014	3	candidate	23506949	accept
c4-c5	real-fixed_run_library	13014	3	baseline	29367969	accept
c4-c5	real-fixed_run_library	13014	4	baseline	29401521	accept
c4-c5	real-fixed_run_library	13014	4	candidate	23496959	accept
c4-c5	real-wfgrep	83524	0	baseline	28193150	accept
c4-c5	real-wfgrep	83524	0	candidate	23214310	accept
c4-c5	real-wfgrep	83524	1	candidate	23182019	accept
c4-c5	real-wfgrep	83524	1	baseline	28174276	accept
c4-c5	real-wfgrep	83524	2	baseline	28141703	accept
c4-c5	real-wfgrep	83524	2	candidate	23254380	accept
c4-c5	real-wfgrep	83524	3	candidate	23246995	accept
c4-c5	real-wfgrep	83524	3	baseline	28088691	accept
c4-c5	real-wfgrep	83524	4	baseline	28161913	accept
c4-c5	real-wfgrep	83524	4	candidate	23219662	accept
c4-c5	real-prefix	2909	0	baseline	131456	accept
c4-c5	real-prefix	2909	0	candidate	117242	accept
c4-c5	real-prefix	2909	1	candidate	124211	accept
c4-c5	real-prefix	2909	1	baseline	134564	accept
c4-c5	real-prefix	2909	2	baseline	131692	accept
c4-c5	real-prefix	2909	2	candidate	121002	accept
c4-c5	real-prefix	2909	3	candidate	116999	accept
c4-c5	real-prefix	2909	3	baseline	130535	accept
c4-c5	real-prefix	2909	4	baseline	130273	accept
c4-c5	real-prefix	2909	4	candidate	118287	accept
c4-c5	real-histogram	3676	0	baseline	141641	accept
c4-c5	real-histogram	3676	0	candidate	121997	accept
c4-c5	real-histogram	3676	1	candidate	121065	accept
c4-c5	real-histogram	3676	1	baseline	135645	accept
c4-c5	real-histogram	3676	2	baseline	134155	accept
c4-c5	real-histogram	3676	2	candidate	120079	accept
c4-c5	real-histogram	3676	3	candidate	120242	accept
c4-c5	real-histogram	3676	3	baseline	134539	accept
c4-c5	real-histogram	3676	4	baseline	138271	accept
c4-c5	real-histogram	3676	4	candidate	121846	accept
c4-c5	real-radix_scatter	8989	0	baseline	736173	accept
c4-c5	real-radix_scatter	8989	0	candidate	622417	accept
c4-c5	real-radix_scatter	8989	1	candidate	622473	accept
c4-c5	real-radix_scatter	8989	1	baseline	736253	accept
c4-c5	real-radix_scatter	8989	2	baseline	749583	accept
c4-c5	real-radix_scatter	8989	2	candidate	617519	accept
c4-c5	real-radix_scatter	8989	3	candidate	616114	accept
c4-c5	real-radix_scatter	8989	3	baseline	744236	accept
c4-c5	real-radix_scatter	8989	4	baseline	740888	accept
c4-c5	real-radix_scatter	8989	4	candidate	615152	accept
base-c5	fixed-16	824	0	baseline	13588	accept
base-c5	fixed-16	824	0	candidate	13815	accept
base-c5	fixed-16	824	1	candidate	13230	accept
base-c5	fixed-16	824	1	baseline	13245	accept
base-c5	fixed-16	824	2	baseline	13032	accept
base-c5	fixed-16	824	2	candidate	13271	accept
base-c5	fixed-16	824	3	candidate	12985	accept
base-c5	fixed-16	824	3	baseline	13053	accept
base-c5	fixed-16	824	4	baseline	12865	accept
base-c5	fixed-16	824	4	candidate	12862	accept
base-c5	growing-16	1452	0	baseline	16706	accept
base-c5	growing-16	1452	0	candidate	16262	accept
base-c5	growing-16	1452	1	candidate	16476	accept
base-c5	growing-16	1452	1	baseline	16440	accept
base-c5	growing-16	1452	2	baseline	16288	accept
base-c5	growing-16	1452	2	candidate	16490	accept
base-c5	growing-16	1452	3	candidate	16168	accept
base-c5	growing-16	1452	3	baseline	16641	accept
base-c5	growing-16	1452	4	baseline	16230	accept
base-c5	growing-16	1452	4	candidate	16130	accept
base-c5	control-16	1038	0	baseline	14332	accept
base-c5	control-16	1038	0	candidate	14011	accept
base-c5	control-16	1038	1	candidate	14113	accept
base-c5	control-16	1038	1	baseline	14718	accept
base-c5	control-16	1038	2	baseline	14808	accept
base-c5	control-16	1038	2	candidate	15119	accept
base-c5	control-16	1038	3	candidate	14295	accept
base-c5	control-16	1038	3	baseline	14505	accept
base-c5	control-16	1038	4	baseline	14248	accept
base-c5	control-16	1038	4	candidate	14722	accept
base-c5	fixed-64	2209	0	baseline	15857	accept
base-c5	fixed-64	2209	0	candidate	15562	accept
base-c5	fixed-64	2209	1	candidate	15152	accept
base-c5	fixed-64	2209	1	baseline	15356	accept
base-c5	fixed-64	2209	2	baseline	15096	accept
base-c5	fixed-64	2209	2	candidate	15053	accept
base-c5	fixed-64	2209	3	candidate	14926	accept
base-c5	fixed-64	2209	3	baseline	15756	accept
base-c5	fixed-64	2209	4	baseline	14847	accept
base-c5	fixed-64	2209	4	candidate	15151	accept
base-c5	growing-64	5532	0	baseline	117403	accept
base-c5	growing-64	5532	0	candidate	113800	accept
base-c5	growing-64	5532	1	candidate	112452	accept
base-c5	growing-64	5532	1	baseline	120541	accept
base-c5	growing-64	5532	2	baseline	116606	accept
base-c5	growing-64	5532	2	candidate	114368	accept
base-c5	growing-64	5532	3	candidate	112121	accept
base-c5	growing-64	5532	3	baseline	118529	accept
base-c5	growing-64	5532	4	baseline	119748	accept
base-c5	growing-64	5532	4	candidate	112270	accept
base-c5	control-64	3486	0	baseline	41256	accept
base-c5	control-64	3486	0	candidate	36587	accept
base-c5	control-64	3486	1	candidate	36566	accept
base-c5	control-64	3486	1	baseline	41632	accept
base-c5	control-64	3486	2	baseline	41588	accept
base-c5	control-64	3486	2	candidate	38157	accept
base-c5	control-64	3486	3	candidate	39267	accept
base-c5	control-64	3486	3	baseline	41655	accept
base-c5	control-64	3486	4	baseline	41971	accept
base-c5	control-64	3486	4	candidate	36962	accept
base-c5	fixed-256	7779	0	baseline	24901	accept
base-c5	fixed-256	7779	0	candidate	24504	accept
base-c5	fixed-256	7779	1	candidate	24449	accept
base-c5	fixed-256	7779	1	baseline	24939	accept
base-c5	fixed-256	7779	2	baseline	24816	accept
base-c5	fixed-256	7779	2	candidate	24750	accept
base-c5	fixed-256	7779	3	candidate	24521	accept
base-c5	fixed-256	7779	3	baseline	25280	accept
base-c5	fixed-256	7779	4	baseline	25704	accept
base-c5	fixed-256	7779	4	candidate	24811	accept
base-c5	growing-256	23100	0	baseline	5314483	accept
base-c5	growing-256	23100	0	candidate	5245677	accept
base-c5	growing-256	23100	1	candidate	5234125	accept
base-c5	growing-256	23100	1	baseline	5311846	accept
base-c5	growing-256	23100	2	baseline	5335573	accept
base-c5	growing-256	23100	2	candidate	5281462	accept
base-c5	growing-256	23100	3	candidate	5275707	accept
base-c5	growing-256	23100	3	baseline	5387071	accept
base-c5	growing-256	23100	4	baseline	5335110	accept
base-c5	growing-256	23100	4	candidate	5230928	accept
base-c5	control-256	13902	0	baseline	584525	accept
base-c5	control-256	13902	0	candidate	473839	accept
base-c5	control-256	13902	1	candidate	523576	accept
base-c5	control-256	13902	1	baseline	575325	accept
base-c5	control-256	13902	2	baseline	573043	accept
base-c5	control-256	13902	2	candidate	491925	accept
base-c5	control-256	13902	3	candidate	480033	accept
base-c5	control-256	13902	3	baseline	564810	accept
base-c5	control-256	13902	4	baseline	582159	accept
base-c5	control-256	13902	4	candidate	467985	accept
base-c5	fixed-4096	124045	0	baseline	287284	accept
base-c5	fixed-4096	124045	0	candidate	284475	accept
base-c5	fixed-4096	124045	1	candidate	282927	accept
base-c5	fixed-4096	124045	1	baseline	282623	accept
base-c5	fixed-4096	124045	2	baseline	287758	accept
base-c5	fixed-4096	124045	2	candidate	283206	accept
base-c5	fixed-4096	124045	3	candidate	282834	accept
base-c5	fixed-4096	124045	3	baseline	289025	accept
base-c5	fixed-4096	124045	4	baseline	287104	accept
base-c5	fixed-4096	124045	4	candidate	282044	accept
base-c5	real-fixed_run_library	13014	0	baseline	78730793	accept
base-c5	real-fixed_run_library	13014	0	candidate	23475271	accept
base-c5	real-fixed_run_library	13014	1	candidate	23524673	accept
base-c5	real-fixed_run_library	13014	1	baseline	78251902	accept
base-c5	real-fixed_run_library	13014	2	baseline	77967819	accept
base-c5	real-fixed_run_library	13014	2	candidate	23542694	accept
base-c5	real-fixed_run_library	13014	3	candidate	23517917	accept
base-c5	real-fixed_run_library	13014	3	baseline	78764658	accept
base-c5	real-fixed_run_library	13014	4	baseline	78778174	accept
base-c5	real-fixed_run_library	13014	4	candidate	23487542	accept
base-c5	real-wfgrep	83524	0	baseline	39608793	accept
base-c5	real-wfgrep	83524	0	candidate	23225930	accept
base-c5	real-wfgrep	83524	1	candidate	23313207	accept
base-c5	real-wfgrep	83524	1	baseline	39464720	accept
base-c5	real-wfgrep	83524	2	baseline	39559715	accept
base-c5	real-wfgrep	83524	2	candidate	23223668	accept
base-c5	real-wfgrep	83524	3	candidate	23630469	accept
base-c5	real-wfgrep	83524	3	baseline	39686115	accept
base-c5	real-wfgrep	83524	4	baseline	39789539	accept
base-c5	real-wfgrep	83524	4	candidate	23292440	accept
base-c5	real-prefix	2909	0	baseline	171559	accept
base-c5	real-prefix	2909	0	candidate	118683	accept
base-c5	real-prefix	2909	1	candidate	120314	accept
base-c5	real-prefix	2909	1	baseline	172690	accept
base-c5	real-prefix	2909	2	baseline	175918	accept
base-c5	real-prefix	2909	2	candidate	116944	accept
base-c5	real-prefix	2909	3	candidate	116730	accept
base-c5	real-prefix	2909	3	baseline	171756	accept
base-c5	real-prefix	2909	4	baseline	171510	accept
base-c5	real-prefix	2909	4	candidate	116627	accept
base-c5	real-histogram	3676	0	baseline	176211	accept
base-c5	real-histogram	3676	0	candidate	122749	accept
base-c5	real-histogram	3676	1	candidate	120806	accept
base-c5	real-histogram	3676	1	baseline	175373	accept
base-c5	real-histogram	3676	2	baseline	175525	accept
base-c5	real-histogram	3676	2	candidate	120561	accept
base-c5	real-histogram	3676	3	candidate	120245	accept
base-c5	real-histogram	3676	3	baseline	182224	accept
base-c5	real-histogram	3676	4	baseline	177766	accept
base-c5	real-histogram	3676	4	candidate	120467	accept
base-c5	real-radix_scatter	8989	0	baseline	987872	accept
base-c5	real-radix_scatter	8989	0	candidate	611237	accept
base-c5	real-radix_scatter	8989	1	candidate	615236	accept
base-c5	real-radix_scatter	8989	1	baseline	991945	accept
base-c5	real-radix_scatter	8989	2	baseline	991615	accept
base-c5	real-radix_scatter	8989	2	candidate	619251	accept
base-c5	real-radix_scatter	8989	3	candidate	616974	accept
base-c5	real-radix_scatter	8989	3	baseline	989969	accept
base-c5	real-radix_scatter	8989	4	baseline	982849	accept
base-c5	real-radix_scatter	8989	4	candidate	619644	accept
