fixture	source_bytes	pair	compiler	elapsed_us	verdict	llvm_sha256
fixed-16	824	0	baseline	17217	accept	8428f7110f6108ae4bc3a3c4caaca188e02146a099c65845394ee39282651d4d
fixed-16	824	0	candidate	14773	accept	8428f7110f6108ae4bc3a3c4caaca188e02146a099c65845394ee39282651d4d
fixed-16	824	1	candidate	13085	accept	8428f7110f6108ae4bc3a3c4caaca188e02146a099c65845394ee39282651d4d
fixed-16	824	1	baseline	13496	accept	8428f7110f6108ae4bc3a3c4caaca188e02146a099c65845394ee39282651d4d
fixed-16	824	2	baseline	13411	accept	8428f7110f6108ae4bc3a3c4caaca188e02146a099c65845394ee39282651d4d
fixed-16	824	2	candidate	13574	accept	8428f7110f6108ae4bc3a3c4caaca188e02146a099c65845394ee39282651d4d
fixed-16	824	3	candidate	13125	accept	8428f7110f6108ae4bc3a3c4caaca188e02146a099c65845394ee39282651d4d
fixed-16	824	3	baseline	13248	accept	8428f7110f6108ae4bc3a3c4caaca188e02146a099c65845394ee39282651d4d
fixed-16	824	4	baseline	13159	accept	8428f7110f6108ae4bc3a3c4caaca188e02146a099c65845394ee39282651d4d
fixed-16	824	4	candidate	13113	accept	8428f7110f6108ae4bc3a3c4caaca188e02146a099c65845394ee39282651d4d
growing-16	1452	0	baseline	15608	accept	2ef66e480261e3d22699c6f86594a299347f780c1c234b4daafb7688d68dfa71
growing-16	1452	0	candidate	16122	accept	2ef66e480261e3d22699c6f86594a299347f780c1c234b4daafb7688d68dfa71
growing-16	1452	1	candidate	15722	accept	2ef66e480261e3d22699c6f86594a299347f780c1c234b4daafb7688d68dfa71
growing-16	1452	1	baseline	15661	accept	2ef66e480261e3d22699c6f86594a299347f780c1c234b4daafb7688d68dfa71
growing-16	1452	2	baseline	16137	accept	2ef66e480261e3d22699c6f86594a299347f780c1c234b4daafb7688d68dfa71
growing-16	1452	2	candidate	16407	accept	2ef66e480261e3d22699c6f86594a299347f780c1c234b4daafb7688d68dfa71
growing-16	1452	3	candidate	16414	accept	2ef66e480261e3d22699c6f86594a299347f780c1c234b4daafb7688d68dfa71
growing-16	1452	3	baseline	16448	accept	2ef66e480261e3d22699c6f86594a299347f780c1c234b4daafb7688d68dfa71
growing-16	1452	4	baseline	16161	accept	2ef66e480261e3d22699c6f86594a299347f780c1c234b4daafb7688d68dfa71
growing-16	1452	4	candidate	15803	accept	2ef66e480261e3d22699c6f86594a299347f780c1c234b4daafb7688d68dfa71
control-16	1038	0	baseline	14461	accept	2ef66e480261e3d22699c6f86594a299347f780c1c234b4daafb7688d68dfa71
control-16	1038	0	candidate	14838	accept	2ef66e480261e3d22699c6f86594a299347f780c1c234b4daafb7688d68dfa71
control-16	1038	1	candidate	14063	accept	2ef66e480261e3d22699c6f86594a299347f780c1c234b4daafb7688d68dfa71
control-16	1038	1	baseline	14259	accept	2ef66e480261e3d22699c6f86594a299347f780c1c234b4daafb7688d68dfa71
control-16	1038	2	baseline	14371	accept	2ef66e480261e3d22699c6f86594a299347f780c1c234b4daafb7688d68dfa71
control-16	1038	2	candidate	14060	accept	2ef66e480261e3d22699c6f86594a299347f780c1c234b4daafb7688d68dfa71
control-16	1038	3	candidate	13956	accept	2ef66e480261e3d22699c6f86594a299347f780c1c234b4daafb7688d68dfa71
control-16	1038	3	baseline	14608	accept	2ef66e480261e3d22699c6f86594a299347f780c1c234b4daafb7688d68dfa71
control-16	1038	4	baseline	14096	accept	2ef66e480261e3d22699c6f86594a299347f780c1c234b4daafb7688d68dfa71
control-16	1038	4	candidate	14647	accept	2ef66e480261e3d22699c6f86594a299347f780c1c234b4daafb7688d68dfa71
fixed-64	2209	0	baseline	15802	accept	8428f7110f6108ae4bc3a3c4caaca188e02146a099c65845394ee39282651d4d
fixed-64	2209	0	candidate	15675	accept	8428f7110f6108ae4bc3a3c4caaca188e02146a099c65845394ee39282651d4d
fixed-64	2209	1	candidate	15376	accept	8428f7110f6108ae4bc3a3c4caaca188e02146a099c65845394ee39282651d4d
fixed-64	2209	1	baseline	16119	accept	8428f7110f6108ae4bc3a3c4caaca188e02146a099c65845394ee39282651d4d
fixed-64	2209	2	baseline	15661	accept	8428f7110f6108ae4bc3a3c4caaca188e02146a099c65845394ee39282651d4d
fixed-64	2209	2	candidate	15752	accept	8428f7110f6108ae4bc3a3c4caaca188e02146a099c65845394ee39282651d4d
fixed-64	2209	3	candidate	15550	accept	8428f7110f6108ae4bc3a3c4caaca188e02146a099c65845394ee39282651d4d
fixed-64	2209	3	baseline	15964	accept	8428f7110f6108ae4bc3a3c4caaca188e02146a099c65845394ee39282651d4d
fixed-64	2209	4	baseline	15448	accept	8428f7110f6108ae4bc3a3c4caaca188e02146a099c65845394ee39282651d4d
fixed-64	2209	4	candidate	15749	accept	8428f7110f6108ae4bc3a3c4caaca188e02146a099c65845394ee39282651d4d
growing-64	5532	0	baseline	76187	accept	f3ee8ce0a8c2ccdc8cbc75e3b43bf77d7719bfbe844b35e7f2494977cd09489b
growing-64	5532	0	candidate	75509	accept	f3ee8ce0a8c2ccdc8cbc75e3b43bf77d7719bfbe844b35e7f2494977cd09489b
growing-64	5532	1	candidate	75281	accept	f3ee8ce0a8c2ccdc8cbc75e3b43bf77d7719bfbe844b35e7f2494977cd09489b
growing-64	5532	1	baseline	75591	accept	f3ee8ce0a8c2ccdc8cbc75e3b43bf77d7719bfbe844b35e7f2494977cd09489b
growing-64	5532	2	baseline	77181	accept	f3ee8ce0a8c2ccdc8cbc75e3b43bf77d7719bfbe844b35e7f2494977cd09489b
growing-64	5532	2	candidate	74596	accept	f3ee8ce0a8c2ccdc8cbc75e3b43bf77d7719bfbe844b35e7f2494977cd09489b
growing-64	5532	3	candidate	75674	accept	f3ee8ce0a8c2ccdc8cbc75e3b43bf77d7719bfbe844b35e7f2494977cd09489b
growing-64	5532	3	baseline	74922	accept	f3ee8ce0a8c2ccdc8cbc75e3b43bf77d7719bfbe844b35e7f2494977cd09489b
growing-64	5532	4	baseline	74750	accept	f3ee8ce0a8c2ccdc8cbc75e3b43bf77d7719bfbe844b35e7f2494977cd09489b
growing-64	5532	4	candidate	74818	accept	f3ee8ce0a8c2ccdc8cbc75e3b43bf77d7719bfbe844b35e7f2494977cd09489b
control-64	3486	0	baseline	29468	accept	f3ee8ce0a8c2ccdc8cbc75e3b43bf77d7719bfbe844b35e7f2494977cd09489b
control-64	3486	0	candidate	29168	accept	f3ee8ce0a8c2ccdc8cbc75e3b43bf77d7719bfbe844b35e7f2494977cd09489b
control-64	3486	1	candidate	28931	accept	f3ee8ce0a8c2ccdc8cbc75e3b43bf77d7719bfbe844b35e7f2494977cd09489b
control-64	3486	1	baseline	29521	accept	f3ee8ce0a8c2ccdc8cbc75e3b43bf77d7719bfbe844b35e7f2494977cd09489b
control-64	3486	2	baseline	29534	accept	f3ee8ce0a8c2ccdc8cbc75e3b43bf77d7719bfbe844b35e7f2494977cd09489b
control-64	3486	2	candidate	29698	accept	f3ee8ce0a8c2ccdc8cbc75e3b43bf77d7719bfbe844b35e7f2494977cd09489b
control-64	3486	3	candidate	29068	accept	f3ee8ce0a8c2ccdc8cbc75e3b43bf77d7719bfbe844b35e7f2494977cd09489b
control-64	3486	3	baseline	29805	accept	f3ee8ce0a8c2ccdc8cbc75e3b43bf77d7719bfbe844b35e7f2494977cd09489b
control-64	3486	4	baseline	29343	accept	f3ee8ce0a8c2ccdc8cbc75e3b43bf77d7719bfbe844b35e7f2494977cd09489b
control-64	3486	4	candidate	28870	accept	f3ee8ce0a8c2ccdc8cbc75e3b43bf77d7719bfbe844b35e7f2494977cd09489b
fixed-256	7779	0	baseline	24978	accept	8428f7110f6108ae4bc3a3c4caaca188e02146a099c65845394ee39282651d4d
fixed-256	7779	0	candidate	26222	accept	8428f7110f6108ae4bc3a3c4caaca188e02146a099c65845394ee39282651d4d
fixed-256	7779	1	candidate	25572	accept	8428f7110f6108ae4bc3a3c4caaca188e02146a099c65845394ee39282651d4d
fixed-256	7779	1	baseline	25279	accept	8428f7110f6108ae4bc3a3c4caaca188e02146a099c65845394ee39282651d4d
fixed-256	7779	2	baseline	25090	accept	8428f7110f6108ae4bc3a3c4caaca188e02146a099c65845394ee39282651d4d
fixed-256	7779	2	candidate	25316	accept	8428f7110f6108ae4bc3a3c4caaca188e02146a099c65845394ee39282651d4d
fixed-256	7779	3	candidate	25427	accept	8428f7110f6108ae4bc3a3c4caaca188e02146a099c65845394ee39282651d4d
fixed-256	7779	3	baseline	25431	accept	8428f7110f6108ae4bc3a3c4caaca188e02146a099c65845394ee39282651d4d
fixed-256	7779	4	baseline	25452	accept	8428f7110f6108ae4bc3a3c4caaca188e02146a099c65845394ee39282651d4d
fixed-256	7779	4	candidate	25385	accept	8428f7110f6108ae4bc3a3c4caaca188e02146a099c65845394ee39282651d4d
growing-256	23100	0	baseline	3068836	accept	d7a60b1be575290ff0bd01db99ba955505faa100e1f43652e12da0595de62a87
growing-256	23100	0	candidate	3047788	accept	d7a60b1be575290ff0bd01db99ba955505faa100e1f43652e12da0595de62a87
growing-256	23100	1	candidate	3087197	accept	d7a60b1be575290ff0bd01db99ba955505faa100e1f43652e12da0595de62a87
growing-256	23100	1	baseline	3060505	accept	d7a60b1be575290ff0bd01db99ba955505faa100e1f43652e12da0595de62a87
growing-256	23100	2	baseline	3073136	accept	d7a60b1be575290ff0bd01db99ba955505faa100e1f43652e12da0595de62a87
growing-256	23100	2	candidate	3057336	accept	d7a60b1be575290ff0bd01db99ba955505faa100e1f43652e12da0595de62a87
growing-256	23100	3	candidate	3052342	accept	d7a60b1be575290ff0bd01db99ba955505faa100e1f43652e12da0595de62a87
growing-256	23100	3	baseline	3057934	accept	d7a60b1be575290ff0bd01db99ba955505faa100e1f43652e12da0595de62a87
growing-256	23100	4	baseline	3062684	accept	d7a60b1be575290ff0bd01db99ba955505faa100e1f43652e12da0595de62a87
growing-256	23100	4	candidate	3091598	accept	d7a60b1be575290ff0bd01db99ba955505faa100e1f43652e12da0595de62a87
control-256	13902	0	baseline	294321	accept	d7a60b1be575290ff0bd01db99ba955505faa100e1f43652e12da0595de62a87
control-256	13902	0	candidate	298692	accept	d7a60b1be575290ff0bd01db99ba955505faa100e1f43652e12da0595de62a87
control-256	13902	1	candidate	294405	accept	d7a60b1be575290ff0bd01db99ba955505faa100e1f43652e12da0595de62a87
control-256	13902	1	baseline	297162	accept	d7a60b1be575290ff0bd01db99ba955505faa100e1f43652e12da0595de62a87
control-256	13902	2	baseline	298441	accept	d7a60b1be575290ff0bd01db99ba955505faa100e1f43652e12da0595de62a87
control-256	13902	2	candidate	310149	accept	d7a60b1be575290ff0bd01db99ba955505faa100e1f43652e12da0595de62a87
control-256	13902	3	candidate	293122	accept	d7a60b1be575290ff0bd01db99ba955505faa100e1f43652e12da0595de62a87
control-256	13902	3	baseline	293599	accept	d7a60b1be575290ff0bd01db99ba955505faa100e1f43652e12da0595de62a87
control-256	13902	4	baseline	296309	accept	d7a60b1be575290ff0bd01db99ba955505faa100e1f43652e12da0595de62a87
control-256	13902	4	candidate	317649	accept	d7a60b1be575290ff0bd01db99ba955505faa100e1f43652e12da0595de62a87
fixed-4096	124045	0	baseline	286123	accept	8428f7110f6108ae4bc3a3c4caaca188e02146a099c65845394ee39282651d4d
fixed-4096	124045	0	candidate	287236	accept	8428f7110f6108ae4bc3a3c4caaca188e02146a099c65845394ee39282651d4d
fixed-4096	124045	1	candidate	289484	accept	8428f7110f6108ae4bc3a3c4caaca188e02146a099c65845394ee39282651d4d
fixed-4096	124045	1	baseline	287411	accept	8428f7110f6108ae4bc3a3c4caaca188e02146a099c65845394ee39282651d4d
fixed-4096	124045	2	baseline	287920	accept	8428f7110f6108ae4bc3a3c4caaca188e02146a099c65845394ee39282651d4d
fixed-4096	124045	2	candidate	287884	accept	8428f7110f6108ae4bc3a3c4caaca188e02146a099c65845394ee39282651d4d
fixed-4096	124045	3	candidate	288357	accept	8428f7110f6108ae4bc3a3c4caaca188e02146a099c65845394ee39282651d4d
fixed-4096	124045	3	baseline	285728	accept	8428f7110f6108ae4bc3a3c4caaca188e02146a099c65845394ee39282651d4d
fixed-4096	124045	4	baseline	286043	accept	8428f7110f6108ae4bc3a3c4caaca188e02146a099c65845394ee39282651d4d
fixed-4096	124045	4	candidate	292779	accept	8428f7110f6108ae4bc3a3c4caaca188e02146a099c65845394ee39282651d4d
real-prefix	2909	0	baseline	24243	accept	6908b777120833a2388a75b310632643c1a4e0f24ce6adcaf6942ee0a43b57ad
real-prefix	2909	0	candidate	24031	accept	6908b777120833a2388a75b310632643c1a4e0f24ce6adcaf6942ee0a43b57ad
real-prefix	2909	1	candidate	23579	accept	6908b777120833a2388a75b310632643c1a4e0f24ce6adcaf6942ee0a43b57ad
real-prefix	2909	1	baseline	23821	accept	6908b777120833a2388a75b310632643c1a4e0f24ce6adcaf6942ee0a43b57ad
real-prefix	2909	2	baseline	24107	accept	6908b777120833a2388a75b310632643c1a4e0f24ce6adcaf6942ee0a43b57ad
real-prefix	2909	2	candidate	23721	accept	6908b777120833a2388a75b310632643c1a4e0f24ce6adcaf6942ee0a43b57ad
real-prefix	2909	3	candidate	23966	accept	6908b777120833a2388a75b310632643c1a4e0f24ce6adcaf6942ee0a43b57ad
real-prefix	2909	3	baseline	24314	accept	6908b777120833a2388a75b310632643c1a4e0f24ce6adcaf6942ee0a43b57ad
real-prefix	2909	4	baseline	24065	accept	6908b777120833a2388a75b310632643c1a4e0f24ce6adcaf6942ee0a43b57ad
real-prefix	2909	4	candidate	24042	accept	6908b777120833a2388a75b310632643c1a4e0f24ce6adcaf6942ee0a43b57ad
real-histogram	3676	0	baseline	28945	accept	1303b6871bb5512afec5c7d1d85b68a497a36f8cac11fc6cb264090eb56a2bce
real-histogram	3676	0	candidate	28361	accept	1303b6871bb5512afec5c7d1d85b68a497a36f8cac11fc6cb264090eb56a2bce
real-histogram	3676	1	candidate	29685	accept	1303b6871bb5512afec5c7d1d85b68a497a36f8cac11fc6cb264090eb56a2bce
real-histogram	3676	1	baseline	28313	accept	1303b6871bb5512afec5c7d1d85b68a497a36f8cac11fc6cb264090eb56a2bce
real-histogram	3676	2	baseline	28736	accept	1303b6871bb5512afec5c7d1d85b68a497a36f8cac11fc6cb264090eb56a2bce
real-histogram	3676	2	candidate	28659	accept	1303b6871bb5512afec5c7d1d85b68a497a36f8cac11fc6cb264090eb56a2bce
real-histogram	3676	3	candidate	28113	accept	1303b6871bb5512afec5c7d1d85b68a497a36f8cac11fc6cb264090eb56a2bce
real-histogram	3676	3	baseline	28711	accept	1303b6871bb5512afec5c7d1d85b68a497a36f8cac11fc6cb264090eb56a2bce
real-histogram	3676	4	baseline	28805	accept	1303b6871bb5512afec5c7d1d85b68a497a36f8cac11fc6cb264090eb56a2bce
real-histogram	3676	4	candidate	29720	accept	1303b6871bb5512afec5c7d1d85b68a497a36f8cac11fc6cb264090eb56a2bce
real-radix_scatter	8989	0	baseline	72313	accept	e35aa63653a8b65b766cd43556877028ce2b4a12c3616708aecdc67b67f54a67
real-radix_scatter	8989	0	candidate	71562	accept	e35aa63653a8b65b766cd43556877028ce2b4a12c3616708aecdc67b67f54a67
real-radix_scatter	8989	1	candidate	71207	accept	e35aa63653a8b65b766cd43556877028ce2b4a12c3616708aecdc67b67f54a67
real-radix_scatter	8989	1	baseline	70622	accept	e35aa63653a8b65b766cd43556877028ce2b4a12c3616708aecdc67b67f54a67
real-radix_scatter	8989	2	baseline	70939	accept	e35aa63653a8b65b766cd43556877028ce2b4a12c3616708aecdc67b67f54a67
real-radix_scatter	8989	2	candidate	71189	accept	e35aa63653a8b65b766cd43556877028ce2b4a12c3616708aecdc67b67f54a67
real-radix_scatter	8989	3	candidate	70847	accept	e35aa63653a8b65b766cd43556877028ce2b4a12c3616708aecdc67b67f54a67
real-radix_scatter	8989	3	baseline	71021	accept	e35aa63653a8b65b766cd43556877028ce2b4a12c3616708aecdc67b67f54a67
real-radix_scatter	8989	4	baseline	70689	accept	e35aa63653a8b65b766cd43556877028ce2b4a12c3616708aecdc67b67f54a67
real-radix_scatter	8989	4	candidate	70971	accept	e35aa63653a8b65b766cd43556877028ce2b4a12c3616708aecdc67b67f54a67
real-wfgrep	83524	0	baseline	891321	accept	a78e43eb788efd613753875f26731242fb598fa8ec36633d7e3f8b7320e664d7
real-wfgrep	83524	0	candidate	944287	accept	a78e43eb788efd613753875f26731242fb598fa8ec36633d7e3f8b7320e664d7
real-wfgrep	83524	1	candidate	943300	accept	a78e43eb788efd613753875f26731242fb598fa8ec36633d7e3f8b7320e664d7
real-wfgrep	83524	1	baseline	886768	accept	a78e43eb788efd613753875f26731242fb598fa8ec36633d7e3f8b7320e664d7
real-wfgrep	83524	2	baseline	885949	accept	a78e43eb788efd613753875f26731242fb598fa8ec36633d7e3f8b7320e664d7
real-wfgrep	83524	2	candidate	932882	accept	a78e43eb788efd613753875f26731242fb598fa8ec36633d7e3f8b7320e664d7
real-wfgrep	83524	3	candidate	930998	accept	a78e43eb788efd613753875f26731242fb598fa8ec36633d7e3f8b7320e664d7
real-wfgrep	83524	3	baseline	882254	accept	a78e43eb788efd613753875f26731242fb598fa8ec36633d7e3f8b7320e664d7
real-wfgrep	83524	4	baseline	891077	accept	a78e43eb788efd613753875f26731242fb598fa8ec36633d7e3f8b7320e664d7
real-wfgrep	83524	4	candidate	944620	accept	a78e43eb788efd613753875f26731242fb598fa8ec36633d7e3f8b7320e664d7
real-fixed_run_library	13014	0	baseline	1181531	accept	e6714adc13f02c905f9539388952241afbdd038094d96edca4b6e7dea77de53d
real-fixed_run_library	13014	0	candidate	1205026	accept	e6714adc13f02c905f9539388952241afbdd038094d96edca4b6e7dea77de53d
real-fixed_run_library	13014	1	candidate	1207622	accept	e6714adc13f02c905f9539388952241afbdd038094d96edca4b6e7dea77de53d
real-fixed_run_library	13014	1	baseline	1204327	accept	e6714adc13f02c905f9539388952241afbdd038094d96edca4b6e7dea77de53d
real-fixed_run_library	13014	2	baseline	1189060	accept	e6714adc13f02c905f9539388952241afbdd038094d96edca4b6e7dea77de53d
real-fixed_run_library	13014	2	candidate	1201124	accept	e6714adc13f02c905f9539388952241afbdd038094d96edca4b6e7dea77de53d
real-fixed_run_library	13014	3	candidate	1207956	accept	e6714adc13f02c905f9539388952241afbdd038094d96edca4b6e7dea77de53d
real-fixed_run_library	13014	3	baseline	1171404	accept	e6714adc13f02c905f9539388952241afbdd038094d96edca4b6e7dea77de53d
real-fixed_run_library	13014	4	baseline	1154761	accept	e6714adc13f02c905f9539388952241afbdd038094d96edca4b6e7dea77de53d
real-fixed_run_library	13014	4	candidate	1220590	accept	e6714adc13f02c905f9539388952241afbdd038094d96edca4b6e7dea77de53d
