sample,16,1,whitefoot,0,0,262144,25177000,17205711470287912960
sample,16,1,c_value,0,0,1048576,14057000,15141380882150981632
sample,16,1,c_destination,0,0,1048576,11922000,15141380882150981632
sample,16,1,c_append_value,0,0,131072,22954000,13179984103110344704
sample,16,1,c_value,0,1,1048576,11933000,14995986035144392704
sample,16,1,c_destination,0,1,1048576,12159000,14995986035144392704
sample,16,1,c_append_value,0,1,131072,23224000,13161809747234521088
sample,16,1,whitefoot,0,1,262144,23764000,17169362758536265728
sample,16,1,c_destination,0,2,1048576,11888000,14850591188137803776
sample,16,1,c_append_value,0,2,131072,23793000,13143635391358697472
sample,16,1,whitefoot,0,2,262144,24392000,17133014046784618496
sample,16,1,c_value,0,2,1048576,12145000,14850591188137803776
sample,16,1,c_append_value,0,3,131072,24469000,13125461035482873856
sample,16,1,whitefoot,0,3,262144,23246000,17096665335032971264
sample,16,1,c_value,0,3,1048576,12724000,14705196341131214848
sample,16,1,c_destination,0,3,1048576,11691000,14705196341131214848
sample,16,1,whitefoot,0,4,262144,23576000,17060316623281324032
sample,16,1,c_value,0,4,1048576,11870000,14559801494124625920
sample,16,1,c_destination,0,4,1048576,12389000,14559801494124625920
sample,16,1,c_append_value,0,4,131072,21990000,13107286679607050240
sample,16,1,c_value,0,5,1048576,12382000,14414406647118036992
sample,16,1,c_destination,0,5,1048576,11789000,14414406647118036992
sample,16,1,c_append_value,0,5,131072,23444000,13089112323731226624
sample,16,1,whitefoot,0,5,262144,23442000,17023967911529676800
sample,16,1,c_destination,0,6,1048576,11880000,14269011800111448064
sample,16,1,c_append_value,0,6,131072,23263000,13070937967855403008
sample,16,1,whitefoot,0,6,262144,23651000,16987619199778029568
sample,16,1,c_value,0,6,1048576,12738000,14269011800111448064
sample,16,1,whitefoot,4,0,65536,26620000,288290036358447104
sample,16,1,c_value,4,0,524288,34188000,561600465225121792
sample,16,1,c_destination,4,0,524288,34235000,561600465225121792
sample,16,1,c_append_value,4,0,131072,30528000,7761203822186987520
sample,16,1,c_value,4,1,524288,34022000,2657529537676443648
sample,16,1,c_destination,4,1,524288,34209000,2657529537676443648
sample,16,1,c_append_value,4,1,131072,30229000,3673500071872430080
sample,16,1,whitefoot,4,1,65536,26983000,16691182234910720000
sample,16,1,c_destination,4,2,524288,33705000,4753458610127765504
sample,16,1,c_append_value,4,2,131072,29478000,18032540395267424256
sample,16,1,whitefoot,4,2,65536,26912000,14647330359753441280
sample,16,1,c_value,4,2,524288,34203000,4753458610127765504
sample,16,1,c_append_value,4,3,131072,29201000,13944836644952866816
sample,16,1,whitefoot,4,3,65536,26764000,12603478484596162560
sample,16,1,c_value,4,3,524288,33619000,6849387682579087360
sample,16,1,c_destination,4,3,524288,34012000,6849387682579087360
sample,16,1,whitefoot,4,4,65536,26957000,10559626609438883840
sample,16,1,c_value,4,4,524288,33559000,8945316755030409216
sample,16,1,c_destination,4,4,524288,33457000,8945316755030409216
sample,16,1,c_append_value,4,4,131072,29033000,9857132894638309376
sample,16,1,c_value,4,5,524288,34149000,11041245827481731072
sample,16,1,c_destination,4,5,524288,33475000,11041245827481731072
sample,16,1,c_append_value,4,5,131072,28481000,5769429144323751936
sample,16,1,whitefoot,4,5,65536,25792000,8515774734281605120
sample,16,1,c_destination,4,6,524288,33393000,13137174899933052928
sample,16,1,c_append_value,4,6,131072,29501000,1681725394009194496
sample,16,1,whitefoot,4,6,65536,25828000,6471922859124326400
sample,16,1,c_value,4,6,524288,32973000,13137174899933052928
sample,256,1,whitefoot,0,0,1024,33310000,10447285432506253312
sample,256,1,c_value,0,0,32768,20406000,14729343389413670912
sample,256,1,c_destination,0,0,32768,20081000,14729343389413670912
sample,256,1,c_append_value,0,0,2048,29758000,10134292279327457280
sample,256,1,c_value,0,1,32768,20252000,13241129550940733440
sample,256,1,c_destination,0,1,32768,20125000,13241129550940733440
sample,256,1,c_append_value,0,1,2048,30356000,3123749886781816832
sample,256,1,whitefoot,0,1,1024,32978000,6942014236233433088
sample,256,1,c_destination,0,2,32768,20307000,11752915712467795968
sample,256,1,c_append_value,0,2,2048,30089000,14559951567945728000
sample,256,1,whitefoot,0,2,1024,32989000,3436743039960612864
sample,256,1,c_value,0,2,32768,20314000,11752915712467795968
sample,256,1,c_append_value,0,3,2048,29988000,7549409175400087552
sample,256,1,whitefoot,0,3,1024,32886000,18378215917397344256
sample,256,1,c_value,0,3,32768,20419000,10264701873994858496
sample,256,1,c_destination,0,3,32768,20183000,10264701873994858496
sample,256,1,whitefoot,0,4,1024,33109000,14872944721124524032
sample,256,1,c_value,0,4,32768,20097000,8776488035521921024
sample,256,1,c_destination,0,4,32768,20235000,8776488035521921024
sample,256,1,c_append_value,0,4,2048,29985000,538866782854447104
sample,256,1,c_value,0,5,32768,20176000,7288274197048983552
sample,256,1,c_destination,0,5,32768,20322000,7288274197048983552
sample,256,1,c_append_value,0,5,2048,29774000,11975068464018358272
sample,256,1,whitefoot,0,5,1024,32702000,11367673524851703808
sample,256,1,c_destination,0,6,32768,20610000,5800060358576046080
sample,256,1,c_append_value,0,6,2048,31139000,4964526071472717824
sample,256,1,whitefoot,0,6,1024,32798000,7862402328578883584
sample,256,1,c_value,0,6,32768,20269000,5800060358576046080
sample,256,1,whitefoot,4,0,128,22531000,7106819215267655680
sample,256,1,c_value,4,0,16384,24610000,7621420808349941760
sample,256,1,c_destination,4,0,16384,24627000,7621420808349941760
sample,256,1,c_append_value,4,0,2048,32006000,1621450611439370240
sample,256,1,c_value,4,1,16384,24582000,16937095267728490496
sample,256,1,c_destination,4,1,16384,24889000,16937095267728490496
sample,256,1,c_append_value,4,1,2048,32437000,9703438946502770688
sample,256,1,whitefoot,4,1,128,22324000,7611943486209118208
sample,256,1,c_destination,4,2,16384,25192000,7806025653397487616
sample,256,1,c_append_value,4,2,2048,32777000,17785427281566171136
sample,256,1,whitefoot,4,2,128,22917000,8117067757150580736
sample,256,1,c_value,4,2,16384,25242000,7806025653397487616
sample,256,1,c_append_value,4,3,2048,32115000,7420671542920019968
sample,256,1,whitefoot,4,3,128,22645000,8622192028092043264
sample,256,1,c_value,4,3,16384,24668000,17121700112776036352
sample,256,1,c_destination,4,3,16384,24921000,17121700112776036352
sample,256,1,whitefoot,4,4,128,22989000,9127316299033505792
sample,256,1,c_value,4,4,16384,24442000,7990630498445033472
sample,256,1,c_destination,4,4,16384,24946000,7990630498445033472
sample,256,1,c_append_value,4,4,2048,32028000,15502659877983420416
sample,256,1,c_value,4,5,16384,24711000,17306304957823582208
sample,256,1,c_destination,4,5,16384,24688000,17306304957823582208
sample,256,1,c_append_value,4,5,2048,32042000,5137904139337269248
sample,256,1,whitefoot,4,5,128,22272000,9632440569974968320
sample,256,1,c_destination,4,6,16384,24688000,8175235343492579328
sample,256,1,c_append_value,4,6,2048,32186000,13219892474400669696
sample,256,1,whitefoot,4,6,128,22342000,10137564840916430848
sample,256,1,c_value,4,6,16384,24641000,8175235343492579328
sample,4096,1,whitefoot,0,0,4,34641000,5909878383685296128
sample,4096,1,c_value,0,0,2048,27483000,2882432543775260672
sample,4096,1,c_destination,0,0,2048,27939000,2882432543775260672
sample,4096,1,c_append_value,0,0,8,29301000,16424832690371739648
sample,4096,1,c_value,0,1,2048,27255000,13045208100120821760
sample,4096,1,c_destination,0,1,2048,27344000,13045208100120821760
sample,4096,1,c_append_value,0,1,8,29070000,18410086071412768768
sample,4096,1,whitefoot,0,1,4,35067000,16125877111060586496
sample,4096,1,c_destination,0,2,2048,27358000,4761239582756831232
sample,4096,1,c_append_value,0,2,8,29123000,1948595378744246272
sample,4096,1,whitefoot,0,2,4,35513000,7895131764726325248
sample,4096,1,c_value,0,2,2048,27232000,4761239582756831232
sample,4096,1,c_append_value,0,3,8,29355000,3933848759785275392
sample,4096,1,whitefoot,0,3,4,35452000,18111130492101615616
sample,4096,1,c_value,0,3,2048,27497000,14924015139102392320
sample,4096,1,c_destination,0,3,2048,27768000,14924015139102392320
sample,4096,1,whitefoot,0,4,4,34608000,9880385145767354368
sample,4096,1,c_value,0,4,2048,27324000,6640046621738401792
sample,4096,1,c_destination,0,4,2048,27241000,6640046621738401792
sample,4096,1,c_append_value,0,4,8,29084000,5919102140826304512
sample,4096,1,c_value,0,5,2048,27080000,16802822178083962880
sample,4096,1,c_destination,0,5,2048,27197000,16802822178083962880
sample,4096,1,c_append_value,0,5,8,29083000,7904355521867333632
sample,4096,1,whitefoot,0,5,4,34871000,1649639799433093120
sample,4096,1,c_destination,0,6,2048,27629000,8518853660719972352
sample,4096,1,c_append_value,0,6,8,29024000,9889608902908362752
sample,4096,1,whitefoot,0,6,4,35396000,11865638526808383488
sample,4096,1,c_value,0,6,2048,27940000,8518853660719972352
sample,4096,1,whitefoot,4,0,1,43335000,14860727074426350592
sample,4096,1,c_value,4,0,1024,30525000,5336738145695694848
sample,4096,1,c_destination,4,0,1024,30107000,5336738145695694848
sample,4096,1,c_append_value,4,0,8,29100000,8522528502928797696
sample,4096,1,c_value,4,1,1024,62721000,15786791637292154880
sample,4096,1,c_destination,4,1,1024,32233000,15786791637292154880
sample,4096,1,c_append_value,4,1,8,30689000,4136598715480363008
sample,4096,1,whitefoot,4,1,1,43525000,12006642841781602304
sample,4096,1,c_destination,4,2,1024,30358000,7790101055179063296
sample,4096,1,c_append_value,4,2,8,29432000,18197413001741479936
sample,4096,1,whitefoot,4,2,1,44340000,9152558609136854016
sample,4096,1,c_value,4,2,1024,30441000,7790101055179063296
sample,4096,1,c_append_value,4,3,8,29143000,13811483214293045248
sample,4096,1,whitefoot,4,3,1,43828000,6298474376492105728
sample,4096,1,c_value,4,3,1024,30207000,18240154546775523328
sample,4096,1,c_destination,4,3,1024,31388000,18240154546775523328
sample,4096,1,whitefoot,4,4,1,43866000,3444390143847357440
sample,4096,1,c_value,4,4,1024,30320000,10243463964662431744
sample,4096,1,c_destination,4,4,1024,30581000,10243463964662431744
sample,4096,1,c_append_value,4,4,8,29564000,9425553426844610560
sample,4096,1,c_value,4,5,1024,30138000,2246773382549340160
sample,4096,1,c_destination,4,5,1024,30847000,2246773382549340160
sample,4096,1,c_append_value,4,5,8,29269000,5039623639396175872
sample,4096,1,whitefoot,4,5,1,44022000,590305911202609152
sample,4096,1,c_destination,4,6,1024,30243000,12696826874145800192
sample,4096,1,c_append_value,4,6,8,31032000,653693851947741184
sample,4096,1,whitefoot,4,6,1,61049000,16182965752267412480
sample,4096,1,c_value,4,6,1024,32148000,12696826874145800192
