config	impl	threads	n	min	median	max	spread_pct
bal_d8_w16	wf_seq	0	18	0.5694	0.7800	1.1081	94.6
bal_d8_w16	wf_par	1	18	0.5499	0.6702	1.1950	117.3
bal_d8_w16	wf_par	2	18	1.0509	1.2716	2.7805	164.6
bal_d8_w16	wf_par	4	18	2.1670	2.8161	4.5726	111.0
bal_d8_w16	wf_par	8	18	4.3245	5.4957	7.0790	63.7
bal_d8_w16	rs_seq	0	18	0.5783	0.7444	0.9831	70.0
bal_d8_w16	rs_rayon	2	18	0.4092	0.5698	0.9446	130.8
bal_d8_w16	rs_rayon	4	18	0.3601	1.0727	1.6371	354.7
bal_d8_w16	rs_rayon	8	18	0.9810	1.4240	2.5972	164.7
bal_d8_w16	rs_cut	2	18	0.3303	0.5384	1.0657	222.6
bal_d8_w16	rs_cut	4	18	0.2534	0.7890	0.8996	255.0
bal_d8_w16	rs_cut	8	18	0.6274	0.9937	2.1408	241.2
bal_d8_w64	wf_seq	0	18	0.4884	0.6781	0.8651	77.1
bal_d8_w64	wf_par	1	18	0.4996	0.6108	0.9078	81.7
bal_d8_w64	wf_par	2	18	0.4857	0.5198	0.9746	100.7
bal_d8_w64	wf_par	4	18	0.8228	0.8837	1.5144	84.1
bal_d8_w64	wf_par	8	18	1.5858	1.9607	2.6807	69.0
bal_d8_w64	rs_seq	0	18	0.4906	0.6391	0.8019	63.4
bal_d8_w64	rs_rayon	2	18	0.2904	0.3935	0.6633	128.4
bal_d8_w64	rs_rayon	4	18	0.2568	0.4731	0.6676	160.0
bal_d8_w64	rs_rayon	8	18	0.4428	0.5667	1.3435	203.4
bal_d8_w64	rs_cut	2	18	0.2749	0.4253	0.7879	186.6
bal_d8_w64	rs_cut	4	18	0.1853	0.4226	0.6142	231.4
bal_d8_w64	rs_cut	8	18	0.3129	0.4172	0.9275	196.4
bal_d8_w192	wf_seq	0	18	0.6019	0.8095	1.0802	79.5
bal_d8_w192	wf_par	1	18	0.6133	0.7160	1.0646	73.6
bal_d8_w192	wf_par	2	18	0.4047	0.4566	0.8347	106.2
bal_d8_w192	wf_par	4	18	0.5610	0.6437	1.0659	90.0
bal_d8_w192	wf_par	8	18	0.7841	0.9735	1.3424	71.2
bal_d8_w192	rs_seq	0	18	0.6034	0.7870	1.1167	85.1
bal_d8_w192	rs_rayon	2	18	0.3248	0.4278	0.6578	102.5
bal_d8_w192	rs_rayon	4	18	0.1888	0.3569	0.7372	290.4
bal_d8_w192	rs_rayon	8	18	0.2369	0.3423	0.6864	189.8
bal_d8_w192	rs_cut	2	18	0.3147	0.4913	0.7027	123.3
bal_d8_w192	rs_cut	4	18	0.1955	0.3416	0.4678	139.3
bal_d8_w192	rs_cut	8	18	0.2104	0.3000	0.4897	132.8
bal_d10_w16	wf_seq	0	18	0.5686	0.7841	0.9550	68.0
bal_d10_w16	wf_par	1	18	0.5540	0.6888	0.9437	70.3
bal_d10_w16	wf_par	2	18	0.6712	0.8479	1.5943	137.5
bal_d10_w16	wf_par	4	18	1.4435	1.7321	2.4564	70.2
bal_d10_w16	wf_par	8	18	2.3753	3.2379	4.1893	76.4
bal_d10_w16	rs_seq	0	18	0.5694	0.7518	1.1932	109.6
bal_d10_w16	rs_rayon	2	18	0.3761	0.5161	0.8509	126.2
bal_d10_w16	rs_rayon	4	18	0.2739	0.5800	0.8254	201.4
bal_d10_w16	rs_rayon	8	18	0.5035	0.6739	1.1745	133.3
bal_d10_w16	rs_cut	2	18	0.3082	0.4958	0.5744	86.4
bal_d10_w16	rs_cut	4	18	0.1905	0.4211	0.5841	206.7
bal_d10_w16	rs_cut	8	18	0.2646	0.3968	0.8257	212.0
bal_d10_w64	wf_seq	0	18	0.4981	0.7054	0.8284	66.3
bal_d10_w64	wf_par	1	18	0.5185	0.6230	0.7683	48.2
bal_d10_w64	wf_par	2	18	0.3098	0.3870	0.5549	79.1
bal_d10_w64	wf_par	4	18	0.4737	0.5874	0.9102	92.1
bal_d10_w64	wf_par	8	18	0.8046	1.0108	1.6805	108.9
bal_d10_w64	rs_seq	0	18	0.5523	0.6405	0.8963	62.3
bal_d10_w64	rs_rayon	2	18	0.3006	0.3660	0.6061	101.7
bal_d10_w64	rs_rayon	4	18	0.1992	0.3183	0.6112	206.9
bal_d10_w64	rs_rayon	8	18	0.2775	0.3155	0.6104	120.0
bal_d10_w64	rs_cut	2	18	0.3067	0.4080	0.5026	63.8
bal_d10_w64	rs_cut	4	18	0.2038	0.2961	0.3881	90.4
bal_d10_w64	rs_cut	8	18	0.2199	0.2386	0.5221	137.4
bal_d10_w192	wf_seq	0	18	0.7158	0.8125	1.0014	39.9
bal_d10_w192	wf_par	1	18	0.6286	0.7427	1.0586	68.4
bal_d10_w192	wf_par	2	18	0.3321	0.4132	0.6828	105.6
bal_d10_w192	wf_par	4	18	0.3783	0.4825	0.8265	118.5
bal_d10_w192	wf_par	8	18	0.4928	0.6160	0.9931	101.5
bal_d10_w192	rs_seq	0	18	0.6746	0.7776	1.0678	58.3
bal_d10_w192	rs_rayon	2	18	0.3426	0.4086	0.5277	54.1
bal_d10_w192	rs_rayon	4	18	0.1930	0.2877	0.4960	157.0
bal_d10_w192	rs_rayon	8	18	0.1903	0.2254	0.2986	56.9
bal_d10_w192	rs_cut	2	18	0.3833	0.4496	0.6128	59.9
bal_d10_w192	rs_cut	4	18	0.2242	0.2783	0.4339	93.5
bal_d10_w192	rs_cut	8	18	0.1870	0.2533	0.5652	202.3
bal_d12_w16	wf_seq	0	18	0.7099	0.7870	0.9243	30.2
bal_d12_w16	wf_par	1	18	0.6008	0.7128	0.8398	39.8
bal_d12_w16	wf_par	2	18	0.6217	0.7806	1.1441	84.0
bal_d12_w16	wf_par	4	18	1.0425	1.3167	1.8063	73.3
bal_d12_w16	wf_par	8	18	1.6195	2.1289	2.5567	57.9
bal_d12_w16	rs_seq	0	18	0.6391	0.7782	0.9706	51.9
bal_d12_w16	rs_rayon	2	18	0.4275	0.5200	0.6925	62.0
bal_d12_w16	rs_rayon	4	18	0.3074	0.4213	0.6791	120.9
bal_d12_w16	rs_rayon	8	18	0.2915	0.4114	0.7344	151.9
bal_d12_w16	rs_cut	2	18	0.3397	0.5044	1.0127	198.1
bal_d12_w16	rs_cut	4	18	0.2414	0.3335	0.6524	170.2
bal_d12_w16	rs_cut	8	18	0.2228	0.2740	0.4081	83.1
bal_d12_w64	wf_seq	0	18	0.5546	0.7142	0.8777	58.3
bal_d12_w64	wf_par	1	18	0.5496	0.6232	0.9282	68.9
bal_d12_w64	wf_par	2	18	0.2896	0.3490	0.6587	127.4
bal_d12_w64	wf_par	4	18	0.3346	0.4388	0.8071	141.2
bal_d12_w64	wf_par	8	18	0.5295	0.7102	1.0651	101.2
bal_d12_w64	rs_seq	0	18	0.5707	0.6806	0.8173	43.2
bal_d12_w64	rs_rayon	2	18	0.3048	0.3752	0.6525	114.1
bal_d12_w64	rs_rayon	4	18	0.1850	0.2634	0.3955	113.7
bal_d12_w64	rs_rayon	8	18	0.2009	0.2299	0.4763	137.1
bal_d12_w64	rs_cut	2	18	0.3533	0.4174	0.6281	77.8
bal_d12_w64	rs_cut	4	18	0.1949	0.2725	0.4495	130.6
bal_d12_w64	rs_cut	8	18	0.1825	0.1979	0.3700	102.8
bal_d12_w192	wf_seq	0	18	0.6515	0.8248	1.0774	65.4
bal_d12_w192	wf_par	1	18	0.6077	0.7212	1.1417	87.9
bal_d12_w192	wf_par	2	18	0.3138	0.3957	0.7931	152.8
bal_d12_w192	wf_par	4	18	0.2918	0.3822	0.7449	155.3
bal_d12_w192	wf_par	8	18	0.3052	0.4557	0.6738	120.8
bal_d12_w192	rs_seq	0	18	0.6039	0.7899	1.0077	66.9
bal_d12_w192	rs_rayon	2	18	0.3157	0.3986	0.5464	73.1
bal_d12_w192	rs_rayon	4	18	0.1638	0.2555	0.3641	122.3
bal_d12_w192	rs_rayon	8	18	0.1354	0.1852	0.3486	157.4
bal_d12_w192	rs_cut	2	18	0.3313	0.4487	0.6042	82.4
bal_d12_w192	rs_cut	4	18	0.2063	0.2743	0.3840	86.1
bal_d12_w192	rs_cut	8	18	0.1719	0.2194	0.3350	94.9
skew_d16_w16	wf_seq	0	18	0.7385	0.8789	1.1429	54.8
skew_d16_w16	wf_par	1	18	0.5751	0.6841	1.0419	81.2
skew_d16_w16	wf_par	2	18	0.9839	1.1392	1.8830	91.4
skew_d16_w16	wf_par	4	18	1.9230	2.3408	3.8741	101.5
skew_d16_w16	wf_par	8	18	3.0986	3.7227	4.8496	56.5
skew_d16_w16	rs_seq	0	18	0.6964	0.7600	1.1134	59.9
skew_d16_w16	rs_rayon	2	18	0.4433	0.5303	1.0208	130.3
skew_d16_w16	rs_rayon	4	18	0.3420	0.4857	0.8126	137.6
skew_d16_w16	rs_rayon	8	18	0.4704	0.5255	1.0164	116.1
skew_d16_w16	rs_cut	2	18	0.3940	0.5211	1.4687	272.7
skew_d16_w16	rs_cut	4	18	0.2871	0.3749	0.9177	219.7
skew_d16_w16	rs_cut	8	18	0.3714	0.4471	0.6820	83.6
skew_d16_w64	wf_seq	0	18	0.6842	0.8515	1.1820	72.8
skew_d16_w64	wf_par	1	18	0.5347	0.6328	1.0048	87.9
skew_d16_w64	wf_par	2	18	0.4536	0.5386	1.4532	220.4
skew_d16_w64	wf_par	4	18	0.6983	0.7924	1.8740	168.4
skew_d16_w64	wf_par	8	18	0.8527	1.2628	1.9387	127.4
skew_d16_w64	rs_seq	0	18	0.5599	0.6997	1.1099	98.2
skew_d16_w64	rs_rayon	2	18	0.3202	0.3950	0.9983	211.7
skew_d16_w64	rs_rayon	4	18	0.2024	0.3015	0.6317	212.1
skew_d16_w64	rs_rayon	8	18	0.2124	0.2993	0.6341	198.6
skew_d16_w64	rs_cut	2	18	0.3018	0.4322	0.6646	120.3
skew_d16_w64	rs_cut	4	18	0.2286	0.2942	0.6235	172.8
skew_d16_w64	rs_cut	8	18	0.3123	0.3360	0.5751	84.1
skew_d16_w192	wf_seq	0	18	0.8683	1.0630	1.5265	75.8
skew_d16_w192	wf_par	1	18	0.6254	0.7309	1.3139	110.1
skew_d16_w192	wf_par	2	18	0.5114	0.6086	1.4264	178.9
skew_d16_w192	wf_par	4	18	0.5140	0.5962	1.3549	163.6
skew_d16_w192	wf_par	8	18	0.4992	0.6952	1.2611	152.6
skew_d16_w192	rs_seq	0	18	0.6177	0.7777	1.1343	83.6
skew_d16_w192	rs_rayon	2	18	0.3217	0.4096	0.6654	106.8
skew_d16_w192	rs_rayon	4	18	0.1725	0.2807	1.1564	570.5
skew_d16_w192	rs_rayon	8	18	0.1517	0.2149	0.9717	540.5
skew_d16_w192	rs_cut	2	18	0.3599	0.4844	1.0552	193.2
skew_d16_w192	rs_cut	4	18	0.2254	0.3165	0.6581	192.0
skew_d16_w192	rs_cut	8	18	0.2822	0.3254	0.4905	73.8
