comparison	arm	workers	pass	words	rows	sample	wall_ns	cpu_ns	grants
null	baseline	1	1	16384	512	0	11159000	11133000	0
null	baseline	1	1	16384	512	1	11197000	11187000	0
null	baseline	1	1	16384	512	2	10993000	10927000	0
null	baseline	1	1	16384	512	3	10857000	10815000	0
null	baseline	1	1	16384	512	4	10567000	10525000	0
null	baseline	1	1	16384	512	5	10556000	10514000	0
null	candidate	1	1	16384	512	0	10579000	10585000	0
null	candidate	1	1	16384	512	1	10539000	10519000	0
null	candidate	1	1	16384	512	2	10494000	10476000	0
null	candidate	1	1	16384	512	3	10653000	10639000	0
null	candidate	1	1	16384	512	4	10524000	10526000	0
null	candidate	1	1	16384	512	5	10727000	10713000	0
null	baseline	2	1	16384	512	0	5484000	10881000	1
null	baseline	2	1	16384	512	1	5426000	10801000	1
null	baseline	2	1	16384	512	2	5387000	8029000	1
null	baseline	2	1	16384	512	3	5433000	10819000	1
null	baseline	2	1	16384	512	4	5471000	10816000	1
null	baseline	2	1	16384	512	5	5380000	9529000	1
null	candidate	2	1	16384	512	0	5458000	10837000	1
null	candidate	2	1	16384	512	1	5514000	10826000	1
null	candidate	2	1	16384	512	2	5440000	10820000	1
null	candidate	2	1	16384	512	3	5377000	7382000	1
null	candidate	2	1	16384	512	4	5429000	10789000	1
null	candidate	2	1	16384	512	5	5389000	10777000	1
null	baseline	4	1	16384	512	0	2842000	9430000	3
null	baseline	4	1	16384	512	1	2843000	10505000	4
null	baseline	4	1	16384	512	2	2836000	11702000	12
null	baseline	4	1	16384	512	3	2773000	10914000	3
null	baseline	4	1	16384	512	4	2820000	11001000	4
null	baseline	4	1	16384	512	5	2815000	10237000	13
null	candidate	4	1	16384	512	0	2906000	11195000	14
null	candidate	4	1	16384	512	1	2840000	11091000	5
null	candidate	4	1	16384	512	2	2809000	10981000	14
null	candidate	4	1	16384	512	3	2804000	11004000	14
null	candidate	4	1	16384	512	4	2833000	10957000	5
null	candidate	4	1	16384	512	5	2831000	11042000	6
null	baseline	8	1	16384	512	0	1932000	13212000	35
null	baseline	8	1	16384	512	1	1825000	12522000	36
null	baseline	8	1	16384	512	2	1578000	9059000	26
null	baseline	8	1	16384	512	3	1689000	14321000	50
null	baseline	8	1	16384	512	4	1681000	12497000	24
null	baseline	8	1	16384	512	5	1610000	12440000	36
null	candidate	8	1	16384	512	0	1830000	12792000	29
null	candidate	8	1	16384	512	1	1611000	12364000	17
null	candidate	8	1	16384	512	2	1625000	12555000	36
null	candidate	8	1	16384	512	3	1692000	12694000	32
null	candidate	8	1	16384	512	4	1676000	12366000	27
null	candidate	8	1	16384	512	5	1726000	12581000	33
null	baseline	1	1	17	2	0	0	5000	0
null	baseline	1	1	17	2	1	0	1000	0
null	baseline	1	1	17	2	2	0	2000	0
null	baseline	1	1	17	2	3	0	1000	0
null	baseline	1	1	17	2	4	0	0	0
null	baseline	1	1	17	2	5	0	2000	0
null	candidate	1	1	17	2	0	0	2000	0
null	candidate	1	1	17	2	1	0	1000	0
null	candidate	1	1	17	2	2	0	1000	0
null	candidate	1	1	17	2	3	0	2000	0
null	candidate	1	1	17	2	4	0	1000	0
null	candidate	1	1	17	2	5	0	1000	0
null	baseline	4	1	17	2	0	0	3000	0
null	baseline	4	1	17	2	1	0	1000	0
null	baseline	4	1	17	2	2	0	1000	0
null	baseline	4	1	17	2	3	0	1000	0
null	baseline	4	1	17	2	4	0	2000	0
null	baseline	4	1	17	2	5	0	1000	0
null	candidate	4	1	17	2	0	0	5000	0
null	candidate	4	1	17	2	1	0	1000	0
null	candidate	4	1	17	2	2	0	1000	0
null	candidate	4	1	17	2	3	0	1000	0
null	candidate	4	1	17	2	4	0	1000	0
null	candidate	4	1	17	2	5	0	2000	0
null	candidate	2	2	16384	512	0	5448000	10840000	1
null	candidate	2	2	16384	512	1	5439000	10780000	1
null	candidate	2	2	16384	512	2	5454000	10810000	1
null	candidate	2	2	16384	512	3	5497000	10776000	1
null	candidate	2	2	16384	512	4	5535000	9903000	1
null	candidate	2	2	16384	512	5	5594000	11131000	1
null	baseline	2	2	16384	512	0	5582000	11018000	1
null	baseline	2	2	16384	512	1	5449000	10758000	1
null	baseline	2	2	16384	512	2	5514000	10785000	1
null	baseline	2	2	16384	512	3	5615000	10980000	1
null	baseline	2	2	16384	512	4	5869000	11131000	1
null	baseline	2	2	16384	512	5	5765000	10964000	1
null	candidate	4	2	16384	512	0	2905000	11099000	3
null	candidate	4	2	16384	512	1	2913000	11103000	12
null	candidate	4	2	16384	512	2	2820000	11013000	14
null	candidate	4	2	16384	512	3	2841000	11088000	16
null	candidate	4	2	16384	512	4	2888000	11080000	9
null	candidate	4	2	16384	512	5	2850000	11030000	15
null	baseline	4	2	16384	512	0	2969000	11277000	3
null	baseline	4	2	16384	512	1	2946000	11090000	13
null	baseline	4	2	16384	512	2	2999000	11278000	6
null	baseline	4	2	16384	512	3	2800000	10879000	3
null	baseline	4	2	16384	512	4	2903000	11153000	9
null	baseline	4	2	16384	512	5	2869000	11101000	16
null	candidate	8	2	16384	512	0	2131000	12609000	24
null	candidate	8	2	16384	512	1	1869000	12376000	32
null	candidate	8	2	16384	512	2	2045000	11618000	26
null	candidate	8	2	16384	512	3	4068000	11813000	29
null	candidate	8	2	16384	512	4	2180000	12177000	34
null	candidate	8	2	16384	512	5	1904000	12077000	33
null	baseline	8	2	16384	512	0	2087000	12334000	27
null	baseline	8	2	16384	512	1	2016000	12368000	25
null	baseline	8	2	16384	512	2	1820000	12235000	32
null	baseline	8	2	16384	512	3	1876000	12220000	32
null	baseline	8	2	16384	512	4	1914000	12176000	32
null	baseline	8	2	16384	512	5	2086000	12812000	22
null	candidate	1	2	17	2	0	0	3000	0
null	candidate	1	2	17	2	1	0	3000	0
null	candidate	1	2	17	2	2	1000	2000	0
null	candidate	1	2	17	2	3	0	2000	0
null	candidate	1	2	17	2	4	0	1000	0
null	candidate	1	2	17	2	5	0	1000	0
null	baseline	1	2	17	2	0	0	4000	0
null	baseline	1	2	17	2	1	0	1000	0
null	baseline	1	2	17	2	2	0	1000	0
null	baseline	1	2	17	2	3	0	1000	0
null	baseline	1	2	17	2	4	0	1000	0
null	baseline	1	2	17	2	5	1000	1000	0
null	candidate	4	2	17	2	0	1000	7000	0
null	candidate	4	2	17	2	1	0	2000	0
null	candidate	4	2	17	2	2	0	1000	0
null	candidate	4	2	17	2	3	0	3000	0
null	candidate	4	2	17	2	4	0	1000	0
null	candidate	4	2	17	2	5	0	1000	0
null	baseline	4	2	17	2	0	1000	5000	0
null	baseline	4	2	17	2	1	0	2000	0
null	baseline	4	2	17	2	2	0	1000	0
null	baseline	4	2	17	2	3	0	1000	0
null	baseline	4	2	17	2	4	0	1000	0
null	baseline	4	2	17	2	5	0	1000	0
null	candidate	1	2	16384	512	0	10576000	10548000	0
null	candidate	1	2	16384	512	1	10629000	10599000	0
null	candidate	1	2	16384	512	2	10642000	10557000	0
null	candidate	1	2	16384	512	3	10462000	10434000	0
null	candidate	1	2	16384	512	4	10633000	10607000	0
null	candidate	1	2	16384	512	5	10670000	10565000	0
null	baseline	1	2	16384	512	0	10581000	10554000	0
null	baseline	1	2	16384	512	1	10610000	10588000	0
null	baseline	1	2	16384	512	2	10699000	10664000	0
null	baseline	1	2	16384	512	3	10395000	10387000	0
null	baseline	1	2	16384	512	4	10549000	10505000	0
null	baseline	1	2	16384	512	5	10523000	10489000	0
null	baseline	4	3	16384	512	0	2979000	11089000	3
null	baseline	4	3	16384	512	1	2998000	11168000	6
null	baseline	4	3	16384	512	2	2772000	5582000	6
null	baseline	4	3	16384	512	3	2774000	10883000	3
null	baseline	4	3	16384	512	4	2955000	11216000	12
null	baseline	4	3	16384	512	5	2887000	11027000	3
null	candidate	4	3	16384	512	0	2831000	5466000	3
null	candidate	4	3	16384	512	1	2803000	8207000	4
null	candidate	4	3	16384	512	2	3060000	11595000	12
null	candidate	4	3	16384	512	3	2809000	11014000	3
null	candidate	4	3	16384	512	4	2842000	11008000	3
null	candidate	4	3	16384	512	5	2997000	11374000	6
null	baseline	8	3	16384	512	0	1874000	12916000	31
null	baseline	8	3	16384	512	1	1764000	12549000	36
null	baseline	8	3	16384	512	2	1777000	12536000	35
null	baseline	8	3	16384	512	3	1615000	12464000	29
null	baseline	8	3	16384	512	4	1807000	12370000	33
null	baseline	8	3	16384	512	5	2072000	12395000	29
null	candidate	8	3	16384	512	0	1897000	12636000	39
null	candidate	8	3	16384	512	1	1613000	12446000	29
null	candidate	8	3	16384	512	2	1664000	12372000	30
null	candidate	8	3	16384	512	3	1569000	4179000	41
null	candidate	8	3	16384	512	4	1595000	17018000	32
null	candidate	8	3	16384	512	5	1795000	15450000	26
null	baseline	1	3	17	2	0	0	3000	0
null	baseline	1	3	17	2	1	0	1000	0
null	baseline	1	3	17	2	2	0	1000	0
null	baseline	1	3	17	2	3	0	1000	0
null	baseline	1	3	17	2	4	0	2000	0
null	baseline	1	3	17	2	5	0	1000	0
null	candidate	1	3	17	2	0	0	3000	0
null	candidate	1	3	17	2	1	0	2000	0
null	candidate	1	3	17	2	2	0	2000	0
null	candidate	1	3	17	2	3	0	1000	0
null	candidate	1	3	17	2	4	0	1000	0
null	candidate	1	3	17	2	5	0	1000	0
null	baseline	4	3	17	2	0	1000	2000	0
null	baseline	4	3	17	2	1	0	1000	0
null	baseline	4	3	17	2	2	0	1000	0
null	baseline	4	3	17	2	3	0	1000	0
null	baseline	4	3	17	2	4	0	2000	0
null	baseline	4	3	17	2	5	0	1000	0
null	candidate	4	3	17	2	0	0	3000	0
null	candidate	4	3	17	2	1	0	1000	0
null	candidate	4	3	17	2	2	0	1000	0
null	candidate	4	3	17	2	3	0	1000	0
null	candidate	4	3	17	2	4	0	2000	0
null	candidate	4	3	17	2	5	0	1000	0
null	baseline	1	3	16384	512	0	10416000	10421000	0
null	baseline	1	3	16384	512	1	10395000	10396000	0
null	baseline	1	3	16384	512	2	10396000	10397000	0
null	baseline	1	3	16384	512	3	10665000	10640000	0
null	baseline	1	3	16384	512	4	10828000	10814000	0
null	baseline	1	3	16384	512	5	10510000	10473000	0
null	candidate	1	3	16384	512	0	10621000	10598000	0
null	candidate	1	3	16384	512	1	10453000	10453000	0
null	candidate	1	3	16384	512	2	10481000	10464000	0
null	candidate	1	3	16384	512	3	10433000	10426000	0
null	candidate	1	3	16384	512	4	10399000	10398000	0
null	candidate	1	3	16384	512	5	10818000	10806000	0
null	baseline	2	3	16384	512	0	5442000	10828000	1
null	baseline	2	3	16384	512	1	5363000	5364000	1
null	baseline	2	3	16384	512	2	5473000	10847000	1
null	baseline	2	3	16384	512	3	5493000	10917000	1
null	baseline	2	3	16384	512	4	5394000	10669000	1
null	baseline	2	3	16384	512	5	5447000	10820000	1
null	candidate	2	3	16384	512	0	5511000	10893000	1
null	candidate	2	3	16384	512	1	5445000	10849000	1
null	candidate	2	3	16384	512	2	5419000	10780000	1
null	candidate	2	3	16384	512	3	5422000	10778000	1
null	candidate	2	3	16384	512	4	5410000	10814000	1
null	candidate	2	3	16384	512	5	5648000	10913000	1
null	candidate	8	4	16384	512	0	1794000	13096000	36
null	candidate	8	4	16384	512	1	1619000	12516000	43
null	candidate	8	4	16384	512	2	1648000	12626000	27
null	candidate	8	4	16384	512	3	1646000	12499000	36
null	candidate	8	4	16384	512	4	1838000	12447000	31
null	candidate	8	4	16384	512	5	1904000	11794000	26
null	baseline	8	4	16384	512	0	1817000	12761000	31
null	baseline	8	4	16384	512	1	1770000	13155000	46
null	baseline	8	4	16384	512	2	1708000	12501000	29
null	baseline	8	4	16384	512	3	1676000	12056000	31
null	baseline	8	4	16384	512	4	1579000	9298000	24
null	baseline	8	4	16384	512	5	1909000	15441000	38
null	candidate	1	4	17	2	0	0	4000	0
null	candidate	1	4	17	2	1	0	1000	0
null	candidate	1	4	17	2	2	0	1000	0
null	candidate	1	4	17	2	3	0	2000	0
null	candidate	1	4	17	2	4	0	1000	0
null	candidate	1	4	17	2	5	0	1000	0
null	baseline	1	4	17	2	0	0	3000	0
null	baseline	1	4	17	2	1	0	1000	0
null	baseline	1	4	17	2	2	1000	1000	0
null	baseline	1	4	17	2	3	0	1000	0
null	baseline	1	4	17	2	4	0	1000	0
null	baseline	1	4	17	2	5	1000	2000	0
null	candidate	4	4	17	2	0	0	2000	0
null	candidate	4	4	17	2	1	0	1000	0
null	candidate	4	4	17	2	2	0	1000	0
null	candidate	4	4	17	2	3	0	1000	0
null	candidate	4	4	17	2	4	0	2000	0
null	candidate	4	4	17	2	5	0	1000	0
null	baseline	4	4	17	2	0	0	3000	0
null	baseline	4	4	17	2	1	0	1000	0
null	baseline	4	4	17	2	2	0	1000	0
null	baseline	4	4	17	2	3	0	1000	0
null	baseline	4	4	17	2	4	0	1000	0
null	baseline	4	4	17	2	5	0	1000	0
null	candidate	1	4	16384	512	0	10439000	10443000	0
null	candidate	1	4	16384	512	1	10403000	10405000	0
null	candidate	1	4	16384	512	2	10430000	10431000	0
null	candidate	1	4	16384	512	3	10397000	10398000	0
null	candidate	1	4	16384	512	4	10403000	10405000	0
null	candidate	1	4	16384	512	5	10428000	10418000	0
null	baseline	1	4	16384	512	0	10411000	10417000	0
null	baseline	1	4	16384	512	1	10450000	10452000	0
null	baseline	1	4	16384	512	2	10433000	10427000	0
null	baseline	1	4	16384	512	3	10451000	10445000	0
null	baseline	1	4	16384	512	4	10533000	10535000	0
null	baseline	1	4	16384	512	5	10472000	10465000	0
null	candidate	2	4	16384	512	0	5497000	10892000	1
null	candidate	2	4	16384	512	1	5372000	8985000	1
null	candidate	2	4	16384	512	2	5412000	10787000	1
null	candidate	2	4	16384	512	3	5381000	10762000	1
null	candidate	2	4	16384	512	4	5425000	10775000	1
null	candidate	2	4	16384	512	5	5413000	10772000	1
null	baseline	2	4	16384	512	0	5432000	10819000	1
null	baseline	2	4	16384	512	1	5463000	10853000	1
null	baseline	2	4	16384	512	2	5324000	10566000	1
null	baseline	2	4	16384	512	3	5234000	10440000	1
null	baseline	2	4	16384	512	4	5367000	10581000	1
null	baseline	2	4	16384	512	5	5395000	9548000	1
null	candidate	4	4	16384	512	0	3182000	11371000	11
null	candidate	4	4	16384	512	1	2974000	11295000	13
null	candidate	4	4	16384	512	2	2880000	10601000	6
null	candidate	4	4	16384	512	3	2864000	11065000	3
null	candidate	4	4	16384	512	4	2801000	10897000	14
null	candidate	4	4	16384	512	5	2813000	9514000	4
null	baseline	4	4	16384	512	0	2826000	7238000	3
null	baseline	4	4	16384	512	1	2804000	10982000	12
null	baseline	4	4	16384	512	2	2853000	11094000	5
null	baseline	4	4	16384	512	3	2832000	11036000	3
null	baseline	4	4	16384	512	4	2798000	10944000	9
null	baseline	4	4	16384	512	5	2817000	10177000	3
null	baseline	1	5	17	2	0	0	3000	0
null	baseline	1	5	17	2	1	0	2000	0
null	baseline	1	5	17	2	2	0	1000	0
null	baseline	1	5	17	2	3	0	1000	0
null	baseline	1	5	17	2	4	0	1000	0
null	baseline	1	5	17	2	5	0	2000	0
null	candidate	1	5	17	2	0	0	3000	0
null	candidate	1	5	17	2	1	0	1000	0
null	candidate	1	5	17	2	2	0	0	0
null	candidate	1	5	17	2	3	0	1000	0
null	candidate	1	5	17	2	4	0	2000	0
null	candidate	1	5	17	2	5	0	1000	0
null	baseline	4	5	17	2	0	0	4000	0
null	baseline	4	5	17	2	1	0	2000	0
null	baseline	4	5	17	2	2	0	1000	0
null	baseline	4	5	17	2	3	0	1000	0
null	baseline	4	5	17	2	4	0	1000	0
null	baseline	4	5	17	2	5	0	2000	0
null	candidate	4	5	17	2	0	0	3000	0
null	candidate	4	5	17	2	1	0	2000	0
null	candidate	4	5	17	2	2	0	2000	0
null	candidate	4	5	17	2	3	0	1000	0
null	candidate	4	5	17	2	4	0	0	0
null	candidate	4	5	17	2	5	1000	1000	0
null	baseline	1	5	16384	512	0	10776000	10593000	0
null	baseline	1	5	16384	512	1	10555000	10471000	0
null	baseline	1	5	16384	512	2	10768000	10754000	0
null	baseline	1	5	16384	512	3	10624000	10601000	0
null	baseline	1	5	16384	512	4	10825000	10718000	0
null	baseline	1	5	16384	512	5	10506000	10508000	0
null	candidate	1	5	16384	512	0	10658000	10601000	0
null	candidate	1	5	16384	512	1	10602000	10602000	0
null	candidate	1	5	16384	512	2	10475000	10477000	0
null	candidate	1	5	16384	512	3	10439000	10434000	0
null	candidate	1	5	16384	512	4	10460000	10461000	0
null	candidate	1	5	16384	512	5	10574000	10572000	0
null	baseline	2	5	16384	512	0	5507000	10750000	1
null	baseline	2	5	16384	512	1	5324000	10540000	1
null	baseline	2	5	16384	512	2	5429000	5497000	1
null	baseline	2	5	16384	512	3	5259000	9854000	1
null	baseline	2	5	16384	512	4	5469000	10805000	1
null	baseline	2	5	16384	512	5	5365000	5366000	1
null	candidate	2	5	16384	512	0	5471000	10839000	1
null	candidate	2	5	16384	512	1	5447000	10818000	1
null	candidate	2	5	16384	512	2	5449000	10834000	1
null	candidate	2	5	16384	512	3	5374000	10630000	1
null	candidate	2	5	16384	512	4	5405000	10727000	1
null	candidate	2	5	16384	512	5	5358000	10501000	1
null	baseline	4	5	16384	512	0	2966000	11272000	14
null	baseline	4	5	16384	512	1	2796000	10891000	3
null	baseline	4	5	16384	512	2	2863000	11108000	5
null	baseline	4	5	16384	512	3	2837000	10953000	16
null	baseline	4	5	16384	512	4	2804000	10986000	4
null	baseline	4	5	16384	512	5	2912000	11077000	5
null	candidate	4	5	16384	512	0	2982000	11323000	12
null	candidate	4	5	16384	512	1	2867000	11009000	6
null	candidate	4	5	16384	512	2	2824000	11084000	15
null	candidate	4	5	16384	512	3	2829000	10977000	5
null	candidate	4	5	16384	512	4	2860000	11044000	13
null	candidate	4	5	16384	512	5	2849000	11048000	11
null	baseline	8	5	16384	512	0	1906000	12503000	26
null	baseline	8	5	16384	512	1	1693000	12408000	33
null	baseline	8	5	16384	512	2	2342000	12189000	31
null	baseline	8	5	16384	512	3	1791000	11954000	31
null	baseline	8	5	16384	512	4	1804000	12190000	29
null	baseline	8	5	16384	512	5	1766000	11676000	37
null	candidate	8	5	16384	512	0	1843000	13043000	29
null	candidate	8	5	16384	512	1	1717000	12740000	41
null	candidate	8	5	16384	512	2	1920000	12757000	28
null	candidate	8	5	16384	512	3	2258000	13070000	23
null	candidate	8	5	16384	512	4	2236000	12283000	29
null	candidate	8	5	16384	512	5	2488000	12372000	25
matched	baseline	1	1	16384	512	0	10619000	10597000	0
matched	baseline	1	1	16384	512	1	11223000	10962000	0
matched	baseline	1	1	16384	512	2	18295000	11057000	0
matched	baseline	1	1	16384	512	3	11025000	10910000	0
matched	baseline	1	1	16384	512	4	11080000	10913000	0
matched	baseline	1	1	16384	512	5	10651000	10591000	0
matched	candidate	1	1	16384	512	0	10474000	10471000	0
matched	candidate	1	1	16384	512	1	10742000	10691000	0
matched	candidate	1	1	16384	512	2	10603000	10555000	0
matched	candidate	1	1	16384	512	3	10541000	10519000	0
matched	candidate	1	1	16384	512	4	10517000	10482000	0
matched	candidate	1	1	16384	512	5	10453000	10436000	0
matched	baseline	2	1	16384	512	0	10506000	10489000	0
matched	baseline	2	1	16384	512	1	10793000	10717000	0
matched	baseline	2	1	16384	512	2	10613000	10572000	0
matched	baseline	2	1	16384	512	3	10488000	10454000	0
matched	baseline	2	1	16384	512	4	10625000	10590000	0
matched	baseline	2	1	16384	512	5	10566000	10527000	0
matched	candidate	2	1	16384	512	0	5377000	10572000	1
matched	candidate	2	1	16384	512	1	5417000	10772000	1
matched	candidate	2	1	16384	512	2	5404000	10633000	1
matched	candidate	2	1	16384	512	3	5432000	9320000	1
matched	candidate	2	1	16384	512	4	5454000	10813000	1
matched	candidate	2	1	16384	512	5	5443000	10649000	1
matched	baseline	4	1	16384	512	0	10526000	10488000	0
matched	baseline	4	1	16384	512	1	10513000	10512000	0
matched	baseline	4	1	16384	512	2	10403000	10405000	0
matched	baseline	4	1	16384	512	3	10437000	10439000	0
matched	baseline	4	1	16384	512	4	10536000	10539000	0
matched	baseline	4	1	16384	512	5	10448000	10449000	0
matched	candidate	4	1	16384	512	0	2876000	11103000	3
matched	candidate	4	1	16384	512	1	2775000	10878000	8
matched	candidate	4	1	16384	512	2	2819000	11029000	16
matched	candidate	4	1	16384	512	3	2838000	10994000	5
matched	candidate	4	1	16384	512	4	2837000	10986000	5
matched	candidate	4	1	16384	512	5	2813000	11006000	4
matched	baseline	8	1	16384	512	0	10451000	10445000	0
matched	baseline	8	1	16384	512	1	10426000	10427000	0
matched	baseline	8	1	16384	512	2	10764000	10750000	0
matched	baseline	8	1	16384	512	3	11031000	10963000	0
matched	baseline	8	1	16384	512	4	10702000	10676000	0
matched	baseline	8	1	16384	512	5	10820000	10809000	0
matched	candidate	8	1	16384	512	0	2016000	13222000	37
matched	candidate	8	1	16384	512	1	1617000	6263000	35
matched	candidate	8	1	16384	512	2	1843000	15176000	32
matched	candidate	8	1	16384	512	3	1650000	12518000	37
matched	candidate	8	1	16384	512	4	1828000	12033000	39
matched	candidate	8	1	16384	512	5	1686000	12497000	19
matched	baseline	1	1	17	2	0	0	6000	0
matched	baseline	1	1	17	2	1	0	2000	0
matched	baseline	1	1	17	2	2	0	1000	0
matched	baseline	1	1	17	2	3	0	2000	0
matched	baseline	1	1	17	2	4	0	1000	0
matched	baseline	1	1	17	2	5	0	1000	0
matched	candidate	1	1	17	2	0	0	3000	0
matched	candidate	1	1	17	2	1	0	2000	0
matched	candidate	1	1	17	2	2	0	2000	0
matched	candidate	1	1	17	2	3	0	1000	0
matched	candidate	1	1	17	2	4	0	1000	0
matched	candidate	1	1	17	2	5	0	2000	0
matched	baseline	4	1	17	2	0	0	6000	0
matched	baseline	4	1	17	2	1	0	1000	0
matched	baseline	4	1	17	2	2	0	1000	0
matched	baseline	4	1	17	2	3	0	2000	0
matched	baseline	4	1	17	2	4	0	1000	0
matched	baseline	4	1	17	2	5	0	1000	0
matched	candidate	4	1	17	2	0	1000	6000	0
matched	candidate	4	1	17	2	1	0	3000	0
matched	candidate	4	1	17	2	2	0	2000	0
matched	candidate	4	1	17	2	3	0	1000	0
matched	candidate	4	1	17	2	4	0	1000	0
matched	candidate	4	1	17	2	5	0	1000	0
matched	candidate	2	2	16384	512	0	5534000	10897000	1
matched	candidate	2	2	16384	512	1	5360000	10549000	1
matched	candidate	2	2	16384	512	2	5343000	10635000	1
matched	candidate	2	2	16384	512	3	5427000	10791000	1
matched	candidate	2	2	16384	512	4	5366000	10729000	1
matched	candidate	2	2	16384	512	5	5427000	10803000	1
matched	baseline	2	2	16384	512	0	10441000	10441000	0
matched	baseline	2	2	16384	512	1	10435000	10437000	0
matched	baseline	2	2	16384	512	2	10486000	10479000	0
matched	baseline	2	2	16384	512	3	10513000	10500000	0
matched	baseline	2	2	16384	512	4	10468000	10460000	0
matched	baseline	2	2	16384	512	5	10531000	10514000	0
matched	candidate	4	2	16384	512	0	2935000	11234000	6
matched	candidate	4	2	16384	512	1	3024000	11236000	14
matched	candidate	4	2	16384	512	2	2831000	10977000	5
matched	candidate	4	2	16384	512	3	2870000	11135000	14
matched	candidate	4	2	16384	512	4	2836000	11061000	5
matched	candidate	4	2	16384	512	5	2829000	10994000	5
matched	baseline	4	2	16384	512	0	10469000	10468000	0
matched	baseline	4	2	16384	512	1	10494000	10484000	0
matched	baseline	4	2	16384	512	2	10520000	10504000	0
matched	baseline	4	2	16384	512	3	10442000	10437000	0
matched	baseline	4	2	16384	512	4	10529000	10498000	0
matched	baseline	4	2	16384	512	5	10479000	10481000	0
matched	candidate	8	2	16384	512	0	2035000	12955000	36
matched	candidate	8	2	16384	512	1	1713000	12503000	33
matched	candidate	8	2	16384	512	2	1693000	12837000	32
matched	candidate	8	2	16384	512	3	1658000	12691000	29
matched	candidate	8	2	16384	512	4	1826000	12572000	28
matched	candidate	8	2	16384	512	5	1769000	12352000	23
matched	baseline	8	2	16384	512	0	10446000	10443000	0
matched	baseline	8	2	16384	512	1	10473000	10450000	0
matched	baseline	8	2	16384	512	2	10436000	10438000	0
matched	baseline	8	2	16384	512	3	10446000	10439000	0
matched	baseline	8	2	16384	512	4	10453000	10433000	0
matched	baseline	8	2	16384	512	5	10496000	10475000	0
matched	candidate	1	2	17	2	0	0	3000	0
matched	candidate	1	2	17	2	1	0	2000	0
matched	candidate	1	2	17	2	2	0	0	0
matched	candidate	1	2	17	2	3	0	1000	0
matched	candidate	1	2	17	2	4	0	2000	0
matched	candidate	1	2	17	2	5	0	1000	0
matched	baseline	1	2	17	2	0	0	3000	0
matched	baseline	1	2	17	2	1	0	1000	0
matched	baseline	1	2	17	2	2	0	1000	0
matched	baseline	1	2	17	2	3	0	1000	0
matched	baseline	1	2	17	2	4	0	1000	0
matched	baseline	1	2	17	2	5	0	2000	0
matched	candidate	4	2	17	2	0	0	5000	0
matched	candidate	4	2	17	2	1	0	1000	0
matched	candidate	4	2	17	2	2	0	2000	0
matched	candidate	4	2	17	2	3	0	1000	0
matched	candidate	4	2	17	2	4	0	1000	0
matched	candidate	4	2	17	2	5	0	1000	0
matched	baseline	4	2	17	2	0	1000	3000	0
matched	baseline	4	2	17	2	1	0	1000	0
matched	baseline	4	2	17	2	2	0	1000	0
matched	baseline	4	2	17	2	3	0	2000	0
matched	baseline	4	2	17	2	4	0	1000	0
matched	baseline	4	2	17	2	5	1000	1000	0
matched	candidate	1	2	16384	512	0	10457000	10459000	0
matched	candidate	1	2	16384	512	1	10550000	10533000	0
matched	candidate	1	2	16384	512	2	10450000	10452000	0
matched	candidate	1	2	16384	512	3	10434000	10434000	0
matched	candidate	1	2	16384	512	4	10530000	10507000	0
matched	candidate	1	2	16384	512	5	10456000	10457000	0
matched	baseline	1	2	16384	512	0	10541000	10518000	0
matched	baseline	1	2	16384	512	1	10534000	10537000	0
matched	baseline	1	2	16384	512	2	10555000	10551000	0
matched	baseline	1	2	16384	512	3	10642000	10610000	0
matched	baseline	1	2	16384	512	4	10428000	10419000	0
matched	baseline	1	2	16384	512	5	10461000	10459000	0
matched	baseline	4	3	16384	512	0	10591000	10591000	0
matched	baseline	4	3	16384	512	1	10425000	10424000	0
matched	baseline	4	3	16384	512	2	10535000	10519000	0
matched	baseline	4	3	16384	512	3	10528000	10530000	0
matched	baseline	4	3	16384	512	4	10499000	10490000	0
matched	baseline	4	3	16384	512	5	10458000	10450000	0
matched	candidate	4	3	16384	512	0	2886000	11095000	5
matched	candidate	4	3	16384	512	1	2817000	10979000	5
matched	candidate	4	3	16384	512	2	2809000	11005000	18
matched	candidate	4	3	16384	512	3	2835000	11087000	6
matched	candidate	4	3	16384	512	4	2932000	11171000	13
matched	candidate	4	3	16384	512	5	2786000	10890000	3
matched	baseline	8	3	16384	512	0	10443000	10448000	0
matched	baseline	8	3	16384	512	1	10461000	10426000	0
matched	baseline	8	3	16384	512	2	10400000	10401000	0
matched	baseline	8	3	16384	512	3	10499000	10490000	0
matched	baseline	8	3	16384	512	4	10814000	10801000	0
matched	baseline	8	3	16384	512	5	10662000	10634000	0
matched	candidate	8	3	16384	512	0	1742000	12715000	34
matched	candidate	8	3	16384	512	1	1653000	12581000	41
matched	candidate	8	3	16384	512	2	1739000	12664000	31
matched	candidate	8	3	16384	512	3	2006000	12103000	29
matched	candidate	8	3	16384	512	4	1810000	12391000	35
matched	candidate	8	3	16384	512	5	1742000	12505000	30
matched	baseline	1	3	17	2	0	0	5000	0
matched	baseline	1	3	17	2	1	0	2000	0
matched	baseline	1	3	17	2	2	0	2000	0
matched	baseline	1	3	17	2	3	0	1000	0
matched	baseline	1	3	17	2	4	0	1000	0
matched	baseline	1	3	17	2	5	1000	1000	0
matched	candidate	1	3	17	2	0	1000	3000	0
matched	candidate	1	3	17	2	1	0	2000	0
matched	candidate	1	3	17	2	2	0	2000	0
matched	candidate	1	3	17	2	3	0	1000	0
matched	candidate	1	3	17	2	4	0	1000	0
matched	candidate	1	3	17	2	5	1000	1000	0
matched	baseline	4	3	17	2	0	1000	2000	0
matched	baseline	4	3	17	2	1	0	2000	0
matched	baseline	4	3	17	2	2	0	2000	0
matched	baseline	4	3	17	2	3	0	1000	0
matched	baseline	4	3	17	2	4	0	1000	0
matched	baseline	4	3	17	2	5	0	1000	0
matched	candidate	4	3	17	2	0	1000	5000	0
matched	candidate	4	3	17	2	1	0	3000	0
matched	candidate	4	3	17	2	2	0	2000	0
matched	candidate	4	3	17	2	3	0	1000	0
matched	candidate	4	3	17	2	4	0	1000	0
matched	candidate	4	3	17	2	5	0	1000	0
matched	baseline	1	3	16384	512	0	10682000	10679000	0
matched	baseline	1	3	16384	512	1	10549000	10549000	0
matched	baseline	1	3	16384	512	2	10467000	10469000	0
matched	baseline	1	3	16384	512	3	10451000	10452000	0
matched	baseline	1	3	16384	512	4	10537000	10510000	0
matched	baseline	1	3	16384	512	5	10419000	10419000	0
matched	candidate	1	3	16384	512	0	10543000	10507000	0
matched	candidate	1	3	16384	512	1	10466000	10466000	0
matched	candidate	1	3	16384	512	2	10544000	10534000	0
matched	candidate	1	3	16384	512	3	10994000	10960000	0
matched	candidate	1	3	16384	512	4	10987000	10975000	0
matched	candidate	1	3	16384	512	5	10526000	10516000	0
matched	baseline	2	3	16384	512	0	10654000	10658000	0
matched	baseline	2	3	16384	512	1	10408000	10410000	0
matched	baseline	2	3	16384	512	2	10523000	10487000	0
matched	baseline	2	3	16384	512	3	10607000	10569000	0
matched	baseline	2	3	16384	512	4	10438000	10430000	0
matched	baseline	2	3	16384	512	5	10467000	10464000	0
matched	candidate	2	3	16384	512	0	5406000	10751000	1
matched	candidate	2	3	16384	512	1	5403000	10743000	1
matched	candidate	2	3	16384	512	2	5416000	9252000	1
matched	candidate	2	3	16384	512	3	5272000	10495000	1
matched	candidate	2	3	16384	512	4	5403000	10789000	1
matched	candidate	2	3	16384	512	5	5396000	6836000	1
matched	candidate	8	4	16384	512	0	1905000	12819000	23
matched	candidate	8	4	16384	512	1	1713000	12356000	28
matched	candidate	8	4	16384	512	2	1891000	11867000	31
matched	candidate	8	4	16384	512	3	1638000	12452000	28
matched	candidate	8	4	16384	512	4	1794000	11991000	35
matched	candidate	8	4	16384	512	5	1767000	11788000	30
matched	baseline	8	4	16384	512	0	10581000	10565000	0
matched	baseline	8	4	16384	512	1	10424000	10416000	0
matched	baseline	8	4	16384	512	2	10487000	10484000	0
matched	baseline	8	4	16384	512	3	10508000	10457000	0
matched	baseline	8	4	16384	512	4	10415000	10416000	0
matched	baseline	8	4	16384	512	5	10425000	10428000	0
matched	candidate	1	4	17	2	0	0	5000	0
matched	candidate	1	4	17	2	1	0	1000	0
matched	candidate	1	4	17	2	2	0	1000	0
matched	candidate	1	4	17	2	3	0	1000	0
matched	candidate	1	4	17	2	4	0	1000	0
matched	candidate	1	4	17	2	5	0	2000	0
matched	baseline	1	4	17	2	0	0	5000	0
matched	baseline	1	4	17	2	1	0	1000	0
matched	baseline	1	4	17	2	2	0	2000	0
matched	baseline	1	4	17	2	3	0	1000	0
matched	baseline	1	4	17	2	4	0	1000	0
matched	baseline	1	4	17	2	5	0	1000	0
matched	candidate	4	4	17	2	0	0	4000	0
matched	candidate	4	4	17	2	1	0	1000	0
matched	candidate	4	4	17	2	2	0	1000	0
matched	candidate	4	4	17	2	3	0	1000	0
matched	candidate	4	4	17	2	4	0	1000	0
matched	candidate	4	4	17	2	5	0	1000	0
matched	baseline	4	4	17	2	0	1000	4000	0
matched	baseline	4	4	17	2	1	0	2000	0
matched	baseline	4	4	17	2	2	0	1000	0
matched	baseline	4	4	17	2	3	0	2000	0
matched	baseline	4	4	17	2	4	0	2000	0
matched	baseline	4	4	17	2	5	0	1000	0
matched	candidate	1	4	16384	512	0	10456000	10437000	0
matched	candidate	1	4	16384	512	1	10434000	10426000	0
matched	candidate	1	4	16384	512	2	10458000	10460000	0
matched	candidate	1	4	16384	512	3	10495000	10469000	0
matched	candidate	1	4	16384	512	4	10469000	10460000	0
matched	candidate	1	4	16384	512	5	10431000	10406000	0
matched	baseline	1	4	16384	512	0	10519000	10493000	0
matched	baseline	1	4	16384	512	1	10672000	10673000	0
matched	baseline	1	4	16384	512	2	10816000	10795000	0
matched	baseline	1	4	16384	512	3	10640000	10601000	0
matched	baseline	1	4	16384	512	4	10725000	10723000	0
matched	baseline	1	4	16384	512	5	10744000	10643000	0
matched	candidate	2	4	16384	512	0	5411000	10791000	1
matched	candidate	2	4	16384	512	1	5390000	9945000	1
matched	candidate	2	4	16384	512	2	5388000	10769000	1
matched	candidate	2	4	16384	512	3	5332000	10585000	1
matched	candidate	2	4	16384	512	4	5434000	10793000	1
matched	candidate	2	4	16384	512	5	5486000	10827000	1
matched	baseline	2	4	16384	512	0	10577000	10572000	0
matched	baseline	2	4	16384	512	1	10448000	10449000	0
matched	baseline	2	4	16384	512	2	10434000	10435000	0
matched	baseline	2	4	16384	512	3	10695000	10666000	0
matched	baseline	2	4	16384	512	4	10505000	10486000	0
matched	baseline	2	4	16384	512	5	10419000	10419000	0
matched	candidate	4	4	16384	512	0	2868000	11099000	3
matched	candidate	4	4	16384	512	1	2828000	11035000	5
matched	candidate	4	4	16384	512	2	2821000	10988000	6
matched	candidate	4	4	16384	512	3	2807000	10972000	4
matched	candidate	4	4	16384	512	4	2833000	11032000	3
matched	candidate	4	4	16384	512	5	2760000	10196000	18
matched	baseline	4	4	16384	512	0	10404000	10407000	0
matched	baseline	4	4	16384	512	1	10420000	10421000	0
matched	baseline	4	4	16384	512	2	10484000	10453000	0
matched	baseline	4	4	16384	512	3	10449000	10440000	0
matched	baseline	4	4	16384	512	4	10411000	10416000	0
matched	baseline	4	4	16384	512	5	10478000	10467000	0
matched	baseline	1	5	17	2	0	1000	6000	0
matched	baseline	1	5	17	2	1	1000	1000	0
matched	baseline	1	5	17	2	2	0	1000	0
matched	baseline	1	5	17	2	3	0	1000	0
matched	baseline	1	5	17	2	4	0	2000	0
matched	baseline	1	5	17	2	5	0	1000	0
matched	candidate	1	5	17	2	0	0	2000	0
matched	candidate	1	5	17	2	1	1000	2000	0
matched	candidate	1	5	17	2	2	0	2000	0
matched	candidate	1	5	17	2	3	0	1000	0
matched	candidate	1	5	17	2	4	0	2000	0
matched	candidate	1	5	17	2	5	0	1000	0
matched	baseline	4	5	17	2	0	0	6000	0
matched	baseline	4	5	17	2	1	1000	1000	0
matched	baseline	4	5	17	2	2	0	2000	0
matched	baseline	4	5	17	2	3	0	1000	0
matched	baseline	4	5	17	2	4	0	1000	0
matched	baseline	4	5	17	2	5	0	1000	0
matched	candidate	4	5	17	2	0	0	4000	0
matched	candidate	4	5	17	2	1	0	2000	0
matched	candidate	4	5	17	2	2	0	2000	0
matched	candidate	4	5	17	2	3	0	2000	0
matched	candidate	4	5	17	2	4	0	2000	0
matched	candidate	4	5	17	2	5	0	1000	0
matched	baseline	1	5	16384	512	0	10414000	10417000	0
matched	baseline	1	5	16384	512	1	10413000	10415000	0
matched	baseline	1	5	16384	512	2	10631000	10616000	0
matched	baseline	1	5	16384	512	3	10618000	10584000	0
matched	baseline	1	5	16384	512	4	10557000	10550000	0
matched	baseline	1	5	16384	512	5	10645000	10584000	0
matched	candidate	1	5	16384	512	0	10767000	10728000	0
matched	candidate	1	5	16384	512	1	10645000	10621000	0
matched	candidate	1	5	16384	512	2	10491000	10462000	0
matched	candidate	1	5	16384	512	3	10548000	10490000	0
matched	candidate	1	5	16384	512	4	10516000	10489000	0
matched	candidate	1	5	16384	512	5	10627000	10589000	0
matched	baseline	2	5	16384	512	0	10623000	10618000	0
matched	baseline	2	5	16384	512	1	10629000	10609000	0
matched	baseline	2	5	16384	512	2	10554000	10518000	0
matched	baseline	2	5	16384	512	3	10735000	10697000	0
matched	baseline	2	5	16384	512	4	10696000	10640000	0
matched	baseline	2	5	16384	512	5	10574000	10554000	0
matched	candidate	2	5	16384	512	0	5319000	10527000	1
matched	candidate	2	5	16384	512	1	5584000	10799000	1
matched	candidate	2	5	16384	512	2	5499000	10866000	1
matched	candidate	2	5	16384	512	3	5745000	11013000	1
matched	candidate	2	5	16384	512	4	5609000	11041000	1
matched	candidate	2	5	16384	512	5	5573000	10966000	1
matched	baseline	4	5	16384	512	0	10987000	10956000	0
matched	baseline	4	5	16384	512	1	10728000	10676000	0
matched	baseline	4	5	16384	512	2	10765000	10736000	0
matched	baseline	4	5	16384	512	3	10560000	10547000	0
matched	baseline	4	5	16384	512	4	10529000	10510000	0
matched	baseline	4	5	16384	512	5	10523000	10506000	0
matched	candidate	4	5	16384	512	0	3018000	11236000	4
matched	candidate	4	5	16384	512	1	2778000	10909000	10
matched	candidate	4	5	16384	512	2	2977000	11122000	16
matched	candidate	4	5	16384	512	3	3000000	11273000	4
matched	candidate	4	5	16384	512	4	2843000	11014000	6
matched	candidate	4	5	16384	512	5	2792000	8218000	5
matched	baseline	8	5	16384	512	0	10433000	10424000	0
matched	baseline	8	5	16384	512	1	10544000	10502000	0
matched	baseline	8	5	16384	512	2	10761000	10743000	0
matched	baseline	8	5	16384	512	3	10515000	10461000	0
matched	baseline	8	5	16384	512	4	10423000	10425000	0
matched	baseline	8	5	16384	512	5	10618000	10588000	0
matched	candidate	8	5	16384	512	0	2054000	12841000	34
matched	candidate	8	5	16384	512	1	1862000	12890000	38
matched	candidate	8	5	16384	512	2	1608000	8184000	17
matched	candidate	8	5	16384	512	3	1806000	14387000	35
matched	candidate	8	5	16384	512	4	2461000	12356000	28
matched	candidate	8	5	16384	512	5	2027000	12976000	33
