kind,capacity,load_eighths,variant,sample,queries,nanoseconds,checksum,backing_bytes
sample,256,2,tagged,0,393216,3430000,4004332875610147908,10240
sample,256,2,split,0,393216,3254000,4004332875610147908,8448
sample,256,2,split_check_each,0,393216,3298000,4004332875610147908,8448
sample,256,2,split_validate_batch,0,393216,3281000,4004332875610147908,8448
sample,256,2,split,1,393216,3116000,4004332875610147908,8448
sample,256,2,split_check_each,1,393216,3252000,4004332875610147908,8448
sample,256,2,split_validate_batch,1,393216,3250000,4004332875610147908,8448
sample,256,2,tagged,1,393216,3451000,4004332875610147908,10240
sample,256,2,split_check_each,2,393216,3341000,4004332875610147908,8448
sample,256,2,split_validate_batch,2,393216,3165000,4004332875610147908,8448
sample,256,2,tagged,2,393216,3355000,4004332875610147908,10240
sample,256,2,split,2,393216,3324000,4004332875610147908,8448
sample,256,2,split_validate_batch,3,393216,3157000,4004332875610147908,8448
sample,256,2,tagged,3,393216,3373000,4004332875610147908,10240
sample,256,2,split,3,393216,3224000,4004332875610147908,8448
sample,256,2,split_check_each,3,393216,3290000,4004332875610147908,8448
sample,256,2,tagged,4,393216,3510000,4004332875610147908,10240
sample,256,2,split,4,393216,3236000,4004332875610147908,8448
sample,256,2,split_check_each,4,393216,3248000,4004332875610147908,8448
sample,256,2,split_validate_batch,4,393216,3232000,4004332875610147908,8448
sample,256,2,split,5,393216,3293000,4004332875610147908,8448
sample,256,2,split_check_each,5,393216,3321000,4004332875610147908,8448
sample,256,2,split_validate_batch,5,393216,3170000,4004332875610147908,8448
sample,256,2,tagged,5,393216,3500000,4004332875610147908,10240
sample,256,2,split_check_each,6,393216,3264000,4004332875610147908,8448
sample,256,2,split_validate_batch,6,393216,3133000,4004332875610147908,8448
sample,256,2,tagged,6,393216,3446000,4004332875610147908,10240
sample,256,2,split,6,393216,3253000,4004332875610147908,8448
sample,256,7,tagged,0,393216,7353000,535003103478764976,10240
sample,256,7,split,0,393216,7104000,535003103478764976,8448
sample,256,7,split_check_each,0,393216,7066000,535003103478764976,8448
sample,256,7,split_validate_batch,0,393216,7066000,535003103478764976,8448
sample,256,7,split,1,393216,7229000,535003103478764976,8448
sample,256,7,split_check_each,1,393216,7242000,535003103478764976,8448
sample,256,7,split_validate_batch,1,393216,7226000,535003103478764976,8448
sample,256,7,tagged,1,393216,7429000,535003103478764976,10240
sample,256,7,split_check_each,2,393216,7372000,535003103478764976,8448
sample,256,7,split_validate_batch,2,393216,7311000,535003103478764976,8448
sample,256,7,tagged,2,393216,8210000,535003103478764976,10240
sample,256,7,split,2,393216,7922000,535003103478764976,8448
sample,256,7,split_validate_batch,3,393216,7763000,535003103478764976,8448
sample,256,7,tagged,3,393216,7379000,535003103478764976,10240
sample,256,7,split,3,393216,7064000,535003103478764976,8448
sample,256,7,split_check_each,3,393216,7247000,535003103478764976,8448
sample,256,7,tagged,4,393216,7319000,535003103478764976,10240
sample,256,7,split,4,393216,7157000,535003103478764976,8448
sample,256,7,split_check_each,4,393216,7209000,535003103478764976,8448
sample,256,7,split_validate_batch,4,393216,7194000,535003103478764976,8448
sample,256,7,split,5,393216,6984000,535003103478764976,8448
sample,256,7,split_check_each,5,393216,7251000,535003103478764976,8448
sample,256,7,split_validate_batch,5,393216,7123000,535003103478764976,8448
sample,256,7,tagged,5,393216,7168000,535003103478764976,10240
sample,256,7,split_check_each,6,393216,7126000,535003103478764976,8448
sample,256,7,split_validate_batch,6,393216,7141000,535003103478764976,8448
sample,256,7,tagged,6,393216,7237000,535003103478764976,10240
sample,256,7,split,6,393216,7107000,535003103478764976,8448
sample,65536,2,tagged,0,393216,4336000,18303152891940532880,2621440
sample,65536,2,split,0,393216,4057000,18303152891940532880,2162688
sample,65536,2,split_check_each,0,393216,4131000,18303152891940532880,2162688
sample,65536,2,split_validate_batch,0,393216,4134000,18303152891940532880,2162688
sample,65536,2,split,1,393216,4009000,18303152891940532880,2162688
sample,65536,2,split_check_each,1,393216,4151000,18303152891940532880,2162688
sample,65536,2,split_validate_batch,1,393216,4064000,18303152891940532880,2162688
sample,65536,2,tagged,1,393216,4305000,18303152891940532880,2621440
sample,65536,2,split_check_each,2,393216,4192000,18303152891940532880,2162688
sample,65536,2,split_validate_batch,2,393216,4541000,18303152891940532880,2162688
sample,65536,2,tagged,2,393216,5981000,18303152891940532880,2621440
sample,65536,2,split,2,393216,3987000,18303152891940532880,2162688
sample,65536,2,split_validate_batch,3,393216,4136000,18303152891940532880,2162688
sample,65536,2,tagged,3,393216,4454000,18303152891940532880,2621440
sample,65536,2,split,3,393216,4097000,18303152891940532880,2162688
sample,65536,2,split_check_each,3,393216,4135000,18303152891940532880,2162688
sample,65536,2,tagged,4,393216,4473000,18303152891940532880,2621440
sample,65536,2,split,4,393216,4248000,18303152891940532880,2162688
sample,65536,2,split_check_each,4,393216,4108000,18303152891940532880,2162688
sample,65536,2,split_validate_batch,4,393216,4079000,18303152891940532880,2162688
sample,65536,2,split,5,393216,4089000,18303152891940532880,2162688
sample,65536,2,split_check_each,5,393216,4149000,18303152891940532880,2162688
sample,65536,2,split_validate_batch,5,393216,4075000,18303152891940532880,2162688
sample,65536,2,tagged,5,393216,4487000,18303152891940532880,2621440
sample,65536,2,split_check_each,6,393216,4199000,18303152891940532880,2162688
sample,65536,2,split_validate_batch,6,393216,4069000,18303152891940532880,2162688
sample,65536,2,tagged,6,393216,4506000,18303152891940532880,2621440
sample,65536,2,split,6,393216,4020000,18303152891940532880,2162688
sample,65536,7,tagged,0,393216,13194000,15870448984799080076,2621440
sample,65536,7,split,0,393216,11220000,15870448984799080076,2162688
sample,65536,7,split_check_each,0,393216,11257000,15870448984799080076,2162688
sample,65536,7,split_validate_batch,0,393216,11129000,15870448984799080076,2162688
sample,65536,7,split,1,393216,11052000,15870448984799080076,2162688
sample,65536,7,split_check_each,1,393216,11169000,15870448984799080076,2162688
sample,65536,7,split_validate_batch,1,393216,11179000,15870448984799080076,2162688
sample,65536,7,tagged,1,393216,11497000,15870448984799080076,2621440
sample,65536,7,split_check_each,2,393216,11445000,15870448984799080076,2162688
sample,65536,7,split_validate_batch,2,393216,10967000,15870448984799080076,2162688
sample,65536,7,tagged,2,393216,11488000,15870448984799080076,2621440
sample,65536,7,split,2,393216,11067000,15870448984799080076,2162688
sample,65536,7,split_validate_batch,3,393216,11038000,15870448984799080076,2162688
sample,65536,7,tagged,3,393216,11432000,15870448984799080076,2621440
sample,65536,7,split,3,393216,12870000,15870448984799080076,2162688
sample,65536,7,split_check_each,3,393216,11240000,15870448984799080076,2162688
sample,65536,7,tagged,4,393216,11561000,15870448984799080076,2621440
sample,65536,7,split,4,393216,11255000,15870448984799080076,2162688
sample,65536,7,split_check_each,4,393216,11276000,15870448984799080076,2162688
sample,65536,7,split_validate_batch,4,393216,11102000,15870448984799080076,2162688
sample,65536,7,split,5,393216,11148000,15870448984799080076,2162688
sample,65536,7,split_check_each,5,393216,11379000,15870448984799080076,2162688
sample,65536,7,split_validate_batch,5,393216,11807000,15870448984799080076,2162688
sample,65536,7,tagged,5,393216,11483000,15870448984799080076,2621440
sample,65536,7,split_check_each,6,393216,11245000,15870448984799080076,2162688
sample,65536,7,split_validate_batch,6,393216,11079000,15870448984799080076,2162688
sample,65536,7,tagged,6,393216,11510000,15870448984799080076,2621440
sample,65536,7,split,6,393216,11185000,15870448984799080076,2162688
