cohort	attempt	pair	order	variant	wall_ms	user_ms	kernel_ms	worker_limit
compute	1	0	0	compute.seq	4803.003	4734.375	31.250	3
compute	1	0	1	compute.par	2518.097	6500.000	62.500	3
compute	1	0	2	control.compute	1010.271	2375.000	265.625	3
compute	1	1	0	control.compute	952.911	2531.250	171.875	3
compute	1	1	1	compute.seq	4794.940	4656.250	62.500	3
compute	1	1	2	compute.par	2007.710	5796.875	62.500	3
compute	1	2	0	compute.par	2002.663	5875.000	46.875	3
compute	1	2	1	control.compute	948.821	2453.125	109.375	3
compute	1	2	2	compute.seq	4763.956	4718.750	15.625	3
compute	1	3	0	control.compute	949.304	2515.625	187.500	3
compute	1	3	1	compute.par	2002.550	5843.750	93.750	3
compute	1	3	2	compute.seq	4760.342	4703.125	31.250	3
compute	1	4	0	compute.seq	4781.170	4703.125	46.875	3
compute	1	4	1	control.compute	947.998	2484.375	156.250	3
compute	1	4	2	compute.par	1998.432	5843.750	46.875	3
compute	1	5	0	compute.par	2164.106	6156.250	109.375	3
compute	1	5	1	compute.seq	4837.205	4734.375	31.250	3
compute	1	5	2	control.compute	962.883	2468.750	234.375	3
compute	1	6	0	compute.seq	4774.628	4718.750	15.625	3
compute	1	6	1	compute.par	2092.419	6093.750	31.250	3
compute	1	6	2	control.compute	957.485	2453.125	187.500	3
compute	1	7	0	control.compute	956.739	2406.250	218.750	3
compute	1	7	1	compute.seq	4775.681	4687.500	15.625	3
compute	1	7	2	compute.par	2007.218	5859.375	78.125	3
compute	1	8	0	compute.par	2019.849	5859.375	125.000	3
compute	1	8	1	control.compute	947.979	2437.500	140.625	3
compute	1	8	2	compute.seq	4770.827	4718.750	31.250	3
compute	1	9	0	control.compute	945.940	2359.375	250.000	3
compute	1	9	1	compute.par	2005.616	5906.250	15.625	3
compute	1	9	2	compute.seq	4758.209	4703.125	31.250	3
compute	1	10	0	compute.seq	4752.685	4656.250	0.000	3
compute	1	10	1	control.compute	950.113	2453.125	234.375	3
compute	1	10	2	compute.par	2005.185	5859.375	78.125	3
compute	1	11	0	compute.par	1997.823	5875.000	31.250	3
compute	1	11	1	compute.seq	4778.854	4734.375	31.250	3
compute	1	11	2	control.compute	951.598	2312.500	250.000	3
compute	1	12	0	compute.seq	4764.393	4703.125	46.875	3
compute	1	12	1	compute.par	2097.077	6078.125	31.250	3
compute	1	12	2	control.compute	987.955	2531.250	156.250	3
compute	1	13	0	control.compute	984.010	2453.125	203.125	3
compute	1	13	1	compute.seq	4796.206	4656.250	78.125	3
compute	1	13	2	compute.par	2021.565	5875.000	62.500	3
compute	1	14	0	compute.par	2031.395	5812.500	62.500	3
compute	1	14	1	control.compute	957.743	2328.125	328.125	3
compute	1	14	2	compute.seq	4794.198	4734.375	15.625	3
io-warm	1	0	0	io.no-overlap	199.572	15.625	171.875	3
io-warm	1	0	1	io.default	201.958	15.625	171.875	3
io-warm	1	0	2	control.short	170.713	453.125	62.500	3
io-warm	1	1	0	control.short	172.654	359.375	93.750	3
io-warm	1	1	1	io.no-overlap	201.049	31.250	156.250	3
io-warm	1	1	2	io.default	200.449	31.250	171.875	3
io-warm	1	2	0	io.default	202.068	31.250	156.250	3
io-warm	1	2	1	control.short	170.130	312.500	156.250	3
io-warm	1	2	2	io.no-overlap	210.350	0.000	203.125	3
io-warm	1	3	0	control.short	171.732	359.375	109.375	3
io-warm	1	3	1	io.default	197.335	0.000	203.125	3
io-warm	1	3	2	io.no-overlap	200.315	62.500	140.625	3
io-warm	1	4	0	io.no-overlap	196.797	15.625	171.875	3
io-warm	1	4	1	control.short	171.620	406.250	31.250	3
io-warm	1	4	2	io.default	206.986	46.875	140.625	3
io-warm	1	5	0	io.default	204.766	31.250	156.250	3
io-warm	1	5	1	io.no-overlap	197.888	15.625	187.500	3
io-warm	1	5	2	control.short	171.959	343.750	78.125	3
io-warm	1	6	0	io.no-overlap	196.039	46.875	140.625	3
io-warm	1	6	1	io.default	199.997	15.625	187.500	3
io-warm	1	6	2	control.short	171.688	421.875	46.875	3
io-warm	1	7	0	control.short	171.189	390.625	46.875	3
io-warm	1	7	1	io.no-overlap	201.866	31.250	156.250	3
io-warm	1	7	2	io.default	198.614	78.125	125.000	3
io-warm	1	8	0	io.default	210.977	46.875	187.500	3
io-warm	1	8	1	control.short	172.473	359.375	78.125	3
io-warm	1	8	2	io.no-overlap	196.259	62.500	140.625	3
io-warm	1	9	0	control.short	170.774	437.500	62.500	3
io-warm	1	9	1	io.default	198.907	46.875	140.625	3
io-warm	1	9	2	io.no-overlap	196.043	15.625	171.875	3
io-warm	1	10	0	io.no-overlap	200.178	15.625	171.875	3
io-warm	1	10	1	control.short	170.358	437.500	15.625	3
io-warm	1	10	2	io.default	196.210	62.500	125.000	3
io-warm	1	11	0	io.default	204.318	31.250	171.875	3
io-warm	1	11	1	io.no-overlap	196.526	31.250	156.250	3
io-warm	1	11	2	control.short	168.536	390.625	62.500	3
io-warm	1	12	0	io.no-overlap	195.982	31.250	125.000	3
io-warm	1	12	1	io.default	195.199	0.000	171.875	3
io-warm	1	12	2	control.short	170.129	375.000	93.750	3
io-warm	1	13	0	control.short	176.514	421.875	15.625	3
io-warm	1	13	1	io.no-overlap	194.948	0.000	187.500	3
io-warm	1	13	2	io.default	199.563	31.250	156.250	3
io-warm	1	14	0	io.default	194.578	31.250	140.625	3
io-warm	1	14	1	control.short	170.851	406.250	62.500	3
io-warm	1	14	2	io.no-overlap	205.566	15.625	187.500	3
mixed-default	1	0	0	mixed.no-overlap	281.520	250.000	31.250	3
mixed-default	1	0	1	mixed.default	281.143	250.000	31.250	3
mixed-default	1	0	2	control.short	171.280	406.250	31.250	3
mixed-default	1	1	0	control.short	170.759	390.625	78.125	3
mixed-default	1	1	1	mixed.no-overlap	278.212	234.375	31.250	3
mixed-default	1	1	2	mixed.default	278.131	250.000	31.250	3
mixed-default	1	2	0	mixed.default	278.524	265.625	0.000	3
mixed-default	1	2	1	control.short	171.213	359.375	78.125	3
mixed-default	1	2	2	mixed.no-overlap	278.037	250.000	15.625	3
mixed-default	1	3	0	control.short	171.233	328.125	140.625	3
mixed-default	1	3	1	mixed.default	277.371	234.375	31.250	3
mixed-default	1	3	2	mixed.no-overlap	278.031	250.000	0.000	3
mixed-default	1	4	0	mixed.no-overlap	277.672	281.250	0.000	3
mixed-default	1	4	1	control.short	173.487	390.625	46.875	3
mixed-default	1	4	2	mixed.default	279.414	234.375	31.250	3
mixed-default	1	5	0	mixed.default	277.651	218.750	46.875	3
mixed-default	1	5	1	mixed.no-overlap	277.345	265.625	0.000	3
mixed-default	1	5	2	control.short	171.902	359.375	125.000	3
mixed-default	1	6	0	mixed.no-overlap	277.110	265.625	0.000	3
mixed-default	1	6	1	mixed.default	278.460	234.375	31.250	3
mixed-default	1	6	2	control.short	171.234	390.625	46.875	3
mixed-default	1	7	0	control.short	170.623	390.625	93.750	3
mixed-default	1	7	1	mixed.no-overlap	277.703	234.375	31.250	3
mixed-default	1	7	2	mixed.default	277.066	265.625	15.625	3
mixed-default	1	8	0	mixed.default	278.376	281.250	0.000	3
mixed-default	1	8	1	control.short	172.096	359.375	93.750	3
mixed-default	1	8	2	mixed.no-overlap	279.856	234.375	46.875	3
mixed-default	1	9	0	control.short	169.115	406.250	62.500	3
mixed-default	1	9	1	mixed.default	279.569	234.375	31.250	3
mixed-default	1	9	2	mixed.no-overlap	277.608	250.000	15.625	3
mixed-default	1	10	0	mixed.no-overlap	277.966	250.000	15.625	3
mixed-default	1	10	1	control.short	171.524	375.000	62.500	3
mixed-default	1	10	2	mixed.default	277.892	234.375	31.250	3
mixed-default	1	11	0	mixed.default	277.837	234.375	31.250	3
mixed-default	1	11	1	mixed.no-overlap	279.960	234.375	31.250	3
mixed-default	1	11	2	control.short	171.538	375.000	78.125	3
mixed-default	1	12	0	mixed.no-overlap	277.945	250.000	15.625	3
mixed-default	1	12	1	mixed.default	277.235	234.375	31.250	3
mixed-default	1	12	2	control.short	170.815	421.875	31.250	3
mixed-default	1	13	0	control.short	170.725	406.250	62.500	3
mixed-default	1	13	1	mixed.no-overlap	277.445	234.375	31.250	3
mixed-default	1	13	2	mixed.default	278.071	250.000	31.250	3
mixed-default	1	14	0	mixed.default	278.725	234.375	31.250	3
mixed-default	1	14	1	control.short	170.759	453.125	15.625	3
mixed-default	1	14	2	mixed.no-overlap	278.469	234.375	62.500	3
mixed-par	1	0	0	mixed.default	278.546	218.750	46.875	3
mixed-par	1	0	1	mixed.par	158.190	421.875	0.000	3
mixed-par	1	0	2	control.short	172.375	406.250	93.750	3
mixed-par	1	1	0	control.short	171.700	390.625	46.875	3
mixed-par	1	1	1	mixed.default	277.206	218.750	46.875	3
mixed-par	1	1	2	mixed.par	160.312	343.750	78.125	3
mixed-par	1	2	0	mixed.par	158.838	375.000	46.875	3
mixed-par	1	2	1	control.short	169.661	421.875	109.375	3
mixed-par	1	2	2	mixed.default	277.866	218.750	46.875	3
mixed-par	1	3	0	control.short	172.992	406.250	62.500	3
mixed-par	1	3	1	mixed.par	159.878	281.250	93.750	3
mixed-par	1	3	2	mixed.default	277.636	218.750	46.875	3
mixed-par	1	4	0	mixed.default	278.203	250.000	15.625	3
mixed-par	1	4	1	control.short	169.729	437.500	15.625	3
mixed-par	1	4	2	mixed.par	158.874	328.125	93.750	3
mixed-par	1	5	0	mixed.par	157.771	343.750	78.125	3
mixed-par	1	5	1	mixed.default	278.646	234.375	31.250	3
mixed-par	1	5	2	control.short	169.773	406.250	62.500	3
mixed-par	1	6	0	mixed.default	277.591	234.375	31.250	3
mixed-par	1	6	1	mixed.par	158.405	343.750	62.500	3
mixed-par	1	6	2	control.short	169.304	343.750	109.375	3
mixed-par	1	7	0	control.short	176.822	359.375	78.125	3
mixed-par	1	7	1	mixed.default	277.607	234.375	31.250	3
mixed-par	1	7	2	mixed.par	160.340	406.250	62.500	3
mixed-par	1	8	0	mixed.par	158.659	328.125	78.125	3
mixed-par	1	8	1	control.short	170.722	421.875	15.625	3
mixed-par	1	8	2	mixed.default	281.633	265.625	15.625	3
mixed-par	1	9	0	control.short	170.994	390.625	78.125	3
mixed-par	1	9	1	mixed.par	157.967	375.000	46.875	3
mixed-par	1	9	2	mixed.default	281.131	234.375	31.250	3
mixed-par	1	10	0	mixed.default	278.027	250.000	15.625	3
mixed-par	1	10	1	control.short	171.895	359.375	46.875	3
mixed-par	1	10	2	mixed.par	158.012	328.125	93.750	3
mixed-par	1	11	0	mixed.par	159.003	375.000	62.500	3
mixed-par	1	11	1	mixed.default	279.575	218.750	62.500	3
mixed-par	1	11	2	control.short	169.423	406.250	62.500	3
mixed-par	1	12	0	mixed.default	277.899	234.375	31.250	3
mixed-par	1	12	1	mixed.par	159.742	359.375	62.500	3
mixed-par	1	12	2	control.short	171.032	421.875	62.500	3
mixed-par	1	13	0	control.short	171.146	343.750	93.750	3
mixed-par	1	13	1	mixed.default	278.048	250.000	15.625	3
mixed-par	1	13	2	mixed.par	160.343	375.000	46.875	3
mixed-par	1	14	0	mixed.par	158.711	359.375	46.875	3
mixed-par	1	14	1	control.short	171.738	406.250	78.125	3
mixed-par	1	14	2	mixed.default	278.981	265.625	0.000	3
mixed-total	1	0	0	mixed.no-overlap	279.888	187.500	78.125	3
mixed-total	1	0	1	mixed.par	159.273	375.000	62.500	3
mixed-total	1	0	2	control.short	171.079	437.500	46.875	3
mixed-total	1	1	0	control.short	172.567	421.875	46.875	3
mixed-total	1	1	1	mixed.no-overlap	278.786	265.625	31.250	3
mixed-total	1	1	2	mixed.par	158.604	375.000	46.875	3
mixed-total	1	2	0	mixed.par	165.734	359.375	62.500	3
mixed-total	1	2	1	control.short	170.924	421.875	46.875	3
mixed-total	1	2	2	mixed.no-overlap	277.122	265.625	0.000	3
mixed-total	1	3	0	control.short	169.973	437.500	46.875	3
mixed-total	1	3	1	mixed.par	158.513	328.125	93.750	3
mixed-total	1	3	2	mixed.no-overlap	278.956	250.000	15.625	3
mixed-total	1	4	0	mixed.no-overlap	277.649	218.750	62.500	3
mixed-total	1	4	1	control.short	171.777	437.500	31.250	3
mixed-total	1	4	2	mixed.par	158.354	328.125	109.375	3
mixed-total	1	5	0	mixed.par	158.300	328.125	78.125	3
mixed-total	1	5	1	mixed.no-overlap	278.757	203.125	15.625	3
mixed-total	1	5	2	control.short	171.347	343.750	78.125	3
mixed-total	1	6	0	mixed.no-overlap	278.427	234.375	46.875	3
mixed-total	1	6	1	mixed.par	159.366	312.500	93.750	3
mixed-total	1	6	2	control.short	170.966	406.250	46.875	3
mixed-total	1	7	0	control.short	170.772	375.000	93.750	3
mixed-total	1	7	1	mixed.no-overlap	279.556	250.000	15.625	3
mixed-total	1	7	2	mixed.par	157.982	359.375	78.125	3
mixed-total	1	8	0	mixed.par	163.035	359.375	93.750	3
mixed-total	1	8	1	control.short	171.116	406.250	46.875	3
mixed-total	1	8	2	mixed.no-overlap	279.130	234.375	46.875	3
mixed-total	1	9	0	control.short	170.399	375.000	93.750	3
mixed-total	1	9	1	mixed.par	158.556	343.750	78.125	3
mixed-total	1	9	2	mixed.no-overlap	278.154	250.000	15.625	3
mixed-total	1	10	0	mixed.no-overlap	277.406	250.000	15.625	3
mixed-total	1	10	1	control.short	170.642	375.000	78.125	3
mixed-total	1	10	2	mixed.par	163.060	375.000	46.875	3
mixed-total	1	11	0	mixed.par	159.579	375.000	46.875	3
mixed-total	1	11	1	mixed.no-overlap	279.632	234.375	46.875	3
mixed-total	1	11	2	control.short	170.422	375.000	46.875	3
mixed-total	1	12	0	mixed.no-overlap	279.735	265.625	31.250	3
mixed-total	1	12	1	mixed.par	160.322	359.375	62.500	3
mixed-total	1	12	2	control.short	169.702	375.000	78.125	3
mixed-total	1	13	0	control.short	170.782	359.375	93.750	3
mixed-total	1	13	1	mixed.no-overlap	281.193	265.625	0.000	3
mixed-total	1	13	2	mixed.par	158.101	328.125	93.750	3
mixed-total	1	14	0	mixed.par	160.574	390.625	46.875	3
mixed-total	1	14	1	control.short	170.003	437.500	31.250	3
mixed-total	1	14	2	mixed.no-overlap	277.405	218.750	46.875	3
